{
  "My_Glass_10mm": {
    "bands_hz": [
      63,
      125,
      250,
      500,
      1000,
      2000,
      4000,
      8000
    ],
    "alpha": [
      0.1421478788315494,
      0.01,
      0.01,
      0.11914830794812907,
      0.04043731093854936,
      0.01,
      0.04061032845851319,
      0.05058997393548666
    ]
  },
  "My_Linoleum_on_Slab": {
    "bands_hz": [
      63,
      125,
      250,
      500,
      1000,
      2000,
      4000,
      8000
    ],
    "alpha": [
      0.17859515451837776,
      0.08457082258994045,
      0.05902313104721811,
      0.01,
      0.010000000000000002,
      0.02718739833481607,
      0.14110737267267703,
      0.05258483994222363
    ]
  },
  "My_Painted_Plasterboard": {
    "bands_hz": [
      63,
      125,
      250,
      500,
      1000,
      2000,
      4000,
      8000
    ],
    "alpha": [
      0.04109379265956976,
      0.13934753246184395,
      0.1653092536465176,
      0.0969022863731642,
      0.059244698230153034,
      0.01,
      0.0405458813228064,
      0.018311068855357625
    ]
  },
  "My_Plasterboard_Ceiling": {
    "bands_hz": [
      63,
      125,
      250,
      500,
      1000,
      2000,
      4000,
      8000
    ],
    "alpha": [
      0.028065608800952074,
      0.023674086619907775,
      0.010000000000000002,
      0.08633973663945879,
      0.01,
      0.17681996096806074,
      0.0495606560977459,
      0.01
    ]
  },
  "My_Solid_Core_Door": {
    "bands_hz": [
      63,
      125,
      250,
      500,
      1000,
      2000,
      4000,
      8000
    ],
    "alpha": [
      0.08172456622764294,
      0.05309821927314764,
      0.01,
      0.03385933994022016,
      0.01,
      0.08047246524890221,
      0.11345312888836522,
      0.01
    ]
  },
  "My_Timber_Platform_Dense": {
    "bands_hz": [
      63,
      125,
      250,
      500,
      1000,
      2000,
      4000,
      8000
    ],
    "alpha": [
      0.08674851392151034,
      0.043616151929764556,
      0.13518148524229542,
      0.010000000000000002,
      0.04648588921376397,
      0.01,
      0.10045183475978973,
      0.010000000000000002
    ]
  },
  "My_Whiteboard_Gloss": {
    "bands_hz": [
      63,
      125,
      250,
      500,
      1000,
      2000,
      4000,
      8000
    ],
    "alpha": [
      0.07473695877686395,
      0.05844769092934153,
      0.01,
      0.023623622252099737,
      0.027570723013640226,
      0.056507213027270284,
      0.04343041527482354,
      0.01
    ]
  }
}