{
  "alpha": {
    "My_Glass_10mm": {
      "bands_hz": [
        63,
        125,
        250,
        500,
        1000,
        2000,
        4000,
        8000
      ],
      "alpha": [
        0.01,
        0.01,
        0.07887775355769781,
        0.01,
        0.16793551478422464,
        0.012365609054152002,
        0.34283593369575305,
        0.06731976913549095
      ]
    },
    "My_Linoleum_on_Slab": {
      "bands_hz": [
        63,
        125,
        250,
        500,
        1000,
        2000,
        4000,
        8000
      ],
      "alpha": [
        0.20582790484982585,
        0.11286097094591217,
        0.09157017679959806,
        0.01,
        0.13855899520444936,
        0.01,
        0.36036536463923685,
        0.01
      ]
    },
    "My_Painted_Plasterboard": {
      "bands_hz": [
        63,
        125,
        250,
        500,
        1000,
        2000,
        4000,
        8000
      ],
      "alpha": [
        0.16998681661240952,
        0.08599414798726597,
        0.32846476567407834,
        0.032299646618243735,
        0.01,
        0.2171376851351499,
        0.01,
        0.01
      ]
    },
    "My_Plasterboard_Ceiling": {
      "bands_hz": [
        63,
        125,
        250,
        500,
        1000,
        2000,
        4000,
        8000
      ],
      "alpha": [
        0.01,
        0.01,
        0.2519732310612791,
        0.01,
        0.32353597532263056,
        0.01,
        0.01,
        0.0693148713509942
      ]
    },
    "My_Solid_Core_Door": {
      "bands_hz": [
        63,
        125,
        250,
        500,
        1000,
        2000,
        4000,
        8000
      ],
      "alpha": [
        0.01,
        0.01,
        0.01931823339111268,
        0.11923770419676044,
        0.01,
        0.36214023030034104,
        0.01,
        0.15299942102929762
      ]
    },
    "My_Timber_Platform_Dense": {
      "bands_hz": [
        63,
        125,
        250,
        500,
        1000,
        2000,
        4000,
        8000
      ],
      "alpha": [
        0.4792369273601166,
        0.17781072965334638,
        0.01,
        0.3377341418751736,
        0.09296491410362011,
        0.5686436609913352,
        0.2670019442653859,
        0.19771493320922007
      ]
    },
    "My_Whiteboard_Gloss": {
      "bands_hz": [
        63,
        125,
        250,
        500,
        1000,
        2000,
        4000,
        8000
      ],
      "alpha": [
        0.01,
        0.030592996174928264,
        0.01,
        0.01,
        0.044176401160148565,
        0.01,
        0.08144992869812404,
        0.01
      ]
    }
  },
  "scatter": {}
}