{
  "alpha": {
    "My_Glass_10mm": {
      "bands_hz": [
        63,
        125,
        250,
        500,
        1000,
        2000,
        4000,
        8000
      ],
      "alpha": [
        0.07565417305528199,
        0.031932991408247985,
        0.0,
        0.030344151764499616,
        0.05132293786184526,
        0.0,
        0.05376878676460707,
        0.0
      ]
    },
    "My_Linoleum_on_Slab": {
      "bands_hz": [
        63,
        125,
        250,
        500,
        1000,
        2000,
        4000,
        8000
      ],
      "alpha": [
        0.03203001592215628,
        0.012520454160663223,
        0.07430219971921971,
        0.0,
        0.024672212068057968,
        0.07344417557271178,
        0.053070234884551384,
        0.027218132294013896
      ]
    },
    "My_Painted_Plasterboard": {
      "bands_hz": [
        63,
        125,
        250,
        500,
        1000,
        2000,
        4000,
        8000
      ],
      "alpha": [
        0.022685696890474408,
        0.02369054504976615,
        0.06731779592998743,
        0.0,
        0.036188310129345556,
        0.05508109270011054,
        0.0,
        0.0240106439573785
      ]
    },
    "My_Plasterboard_Ceiling": {
      "bands_hz": [
        63,
        125,
        250,
        500,
        1000,
        2000,
        4000,
        8000
      ],
      "alpha": [
        0.0900898382327496,
        0.0523282759367047,
        0.06257263488697226,
        0.044656426040816606,
        0.051019885479424806,
        0.077671255807184,
        0.024663353483559122,
        0.03431822616842708
      ]
    },
    "My_Solid_Core_Door": {
      "bands_hz": [
        63,
        125,
        250,
        500,
        1000,
        2000,
        4000,
        8000
      ],
      "alpha": [
        0.03928657701298943,
        0.018964558248721085,
        0.036910750551313445,
        0.051488841658938245,
        0.05239101776497877,
        0.020650207608833536,
        0.09076377477097636,
        0.0
      ]
    },
    "My_Timber_Platform_Dense": {
      "bands_hz": [
        63,
        125,
        250,
        500,
        1000,
        2000,
        4000,
        8000
      ],
      "alpha": [
        0.010424257954796363,
        0.04455004259190104,
        0.011669403169467376,
        0.029307307168962026,
        0.036531900559300924,
        0.021152836426117635,
        0.0434997740619241,
        0.08018856564600399
      ]
    },
    "My_Whiteboard_Gloss": {
      "bands_hz": [
        63,
        125,
        250,
        500,
        1000,
        2000,
        4000,
        8000
      ],
      "alpha": [
        0.028019230706316213,
        0.0,
        0.026763834071880224,
        0.04976458644828749,
        0.06184924431353903,
        0.0012191728586665486,
        0.02990594517812993,
        0.040495347030204056
      ]
    }
  },
  "scatter": {}
}