{
  "alpha": {
    "My_Glass_10mm": {
      "bands_hz": [
        63,
        125,
        250,
        500,
        1000,
        2000,
        4000,
        8000
      ],
      "alpha": [
        0.024630091528742567,
        0.032575032683993616,
        0.0,
        0.0,
        0.0,
        0.02591345284724735,
        0.01389565381249475,
        0.007820109965547283
      ]
    },
    "My_Linoleum_on_Slab": {
      "bands_hz": [
        63,
        125,
        250,
        500,
        1000,
        2000,
        4000,
        8000
      ],
      "alpha": [
        0.0582513315229873,
        0.051924729299834105,
        0.05133528105499213,
        0.0020053773708568895,
        0.0,
        0.02001023258021896,
        0.05619364480549512,
        0.07009173233803664
      ]
    },
    "My_Painted_Plasterboard": {
      "bands_hz": [
        63,
        125,
        250,
        500,
        1000,
        2000,
        4000,
        8000
      ],
      "alpha": [
        0.0,
        0.019951352461779856,
        0.048546307602279196,
        0.04600620165144827,
        0.03533418387068419,
        0.061536168846346856,
        0.01349589790388702,
        0.06795167560774573
      ]
    },
    "My_Plasterboard_Ceiling": {
      "bands_hz": [
        63,
        125,
        250,
        500,
        1000,
        2000,
        4000,
        8000
      ],
      "alpha": [
        0.02348229750813994,
        0.0363794365137153,
        0.0,
        0.07491645067448402,
        0.05822915042243038,
        0.09640078963252526,
        0.027521793249258034,
        0.016465587208135048
      ]
    },
    "My_Solid_Core_Door": {
      "bands_hz": [
        63,
        125,
        250,
        500,
        1000,
        2000,
        4000,
        8000
      ],
      "alpha": [
        0.0,
        0.02243928954270588,
        0.0,
        0.025056823251422188,
        0.0,
        0.0,
        0.027511890870108743,
        0.01877081892105914
      ]
    },
    "My_Timber_Platform_Dense": {
      "bands_hz": [
        63,
        125,
        250,
        500,
        1000,
        2000,
        4000,
        8000
      ],
      "alpha": [
        0.0,
        0.032167407818348946,
        0.07287316086393396,
        0.0968504967808889,
        0.07634996625840337,
        0.007003225981831614,
        0.034873633887663756,
        0.027755832750575436
      ]
    },
    "My_Whiteboard_Gloss": {
      "bands_hz": [
        63,
        125,
        250,
        500,
        1000,
        2000,
        4000,
        8000
      ],
      "alpha": [
        0.0305421114566261,
        0.0,
        0.0,
        0.0,
        0.0144061453979649,
        0.07176800556336717,
        0.035888719390179145,
        0.02727714728566754
      ]
    }
  },
  "scatter": {}
}