{
  "alpha": {
    "My_Glass_10mm": {
      "bands_hz": [
        63,
        125,
        250,
        500,
        1000,
        2000,
        4000,
        8000
      ],
      "alpha": [
        0.037417007085777276,
        0.010912367162231382,
        0.01,
        0.11827476194425991,
        0.04270734765746133,
        0.03172129674603253,
        0.011122946035891638,
        0.2396405685725448
      ]
    },
    "My_Linoleum_on_Slab": {
      "bands_hz": [
        63,
        125,
        250,
        500,
        1000,
        2000,
        4000,
        8000
      ],
      "alpha": [
        0.10748581874925414,
        0.01,
        0.05880169954286538,
        0.20942270851376443,
        0.01,
        0.012906138749909792,
        0.01,
        0.2556625859435458
      ]
    },
    "My_Painted_Plasterboard": {
      "bands_hz": [
        63,
        125,
        250,
        500,
        1000,
        2000,
        4000,
        8000
      ],
      "alpha": [
        0.01,
        0.12673224508840455,
        0.14816583631728716,
        0.19486601759771094,
        0.055723020871624604,
        0.01,
        0.02714391102187027,
        0.054936548906574637
      ]
    },
    "My_Plasterboard_Ceiling": {
      "bands_hz": [
        63,
        125,
        250,
        500,
        1000,
        2000,
        4000,
        8000
      ],
      "alpha": [
        0.01,
        0.01650567764481014,
        0.010000000000000002,
        0.16735688943734855,
        0.01,
        0.17499847103943553,
        0.01452548382257661,
        0.44663446132855883
      ]
    },
    "My_Solid_Core_Door": {
      "bands_hz": [
        63,
        125,
        250,
        500,
        1000,
        2000,
        4000,
        8000
      ],
      "alpha": [
        0.01,
        0.14332091224972252,
        0.015771265004459915,
        0.03111118625420958,
        0.01,
        0.06642662776331035,
        0.01,
        0.043470223272754634
      ]
    },
    "My_Timber_Platform_Dense": {
      "bands_hz": [
        63,
        125,
        250,
        500,
        1000,
        2000,
        4000,
        8000
      ],
      "alpha": [
        0.06688900206445553,
        0.045640899895107,
        0.16349881883307602,
        0.12409556187626594,
        0.1309148219250296,
        0.20376431194859754,
        0.01,
        0.010000000000000002
      ]
    },
    "My_Whiteboard_Gloss": {
      "bands_hz": [
        63,
        125,
        250,
        500,
        1000,
        2000,
        4000,
        8000
      ],
      "alpha": [
        0.07694308199415145,
        0.17542303983720117,
        0.01,
        0.08502732515023148,
        0.010559199581839073,
        0.07085995801000118,
        0.22083784027922865,
        0.056285615936058256
      ]
    }
  },
  "scatter": {}
}