{
  "alpha": {
    "My_Glass_10mm": {
      "bands_hz": [
        63,
        125,
        250,
        500,
        1000,
        2000,
        4000,
        8000
      ],
      "alpha": [
        0.0,
        0.03525017209947127,
        0.09388783035667907,
        0.04760394072324403,
        0.017398661807725268,
        0.003994371084265865,
        0.04011114251812913,
        0.03888601635752377
      ]
    },
    "My_Linoleum_on_Slab": {
      "bands_hz": [
        63,
        125,
        250,
        500,
        1000,
        2000,
        4000,
        8000
      ],
      "alpha": [
        0.0035269204547610095,
        0.010921639683128901,
        0.01315890373029362,
        0.06056687571727057,
        0.0021948553216436448,
        0.038925893248495574,
        0.008169732800544918,
        0.038673253417161144
      ]
    },
    "My_Painted_Plasterboard": {
      "bands_hz": [
        63,
        125,
        250,
        500,
        1000,
        2000,
        4000,
        8000
      ],
      "alpha": [
        0.0,
        0.026840118607114077,
        0.0,
        0.008396233105285346,
        0.015266997544524007,
        0.03489286327900949,
        0.0,
        0.05901430291078723
      ]
    },
    "My_Plasterboard_Ceiling": {
      "bands_hz": [
        63,
        125,
        250,
        500,
        1000,
        2000,
        4000,
        8000
      ],
      "alpha": [
        0.0,
        0.05205000800206902,
        0.0367090451899362,
        0.08150110431142099,
        0.033482667726691284,
        0.0,
        0.017488491844264868,
        0.06654308318579341
      ]
    },
    "My_Solid_Core_Door": {
      "bands_hz": [
        63,
        125,
        250,
        500,
        1000,
        2000,
        4000,
        8000
      ],
      "alpha": [
        0.06939214942317223,
        0.005037288525090233,
        0.040407161033485225,
        0.001221748189547265,
        0.03345422192906328,
        0.05743304255510062,
        0.06270412650069061,
        0.0
      ]
    },
    "My_Timber_Platform_Dense": {
      "bands_hz": [
        63,
        125,
        250,
        500,
        1000,
        2000,
        4000,
        8000
      ],
      "alpha": [
        0.026542806764235434,
        0.01874620325637602,
        0.039741679498587534,
        0.051602427246118576,
        0.0461056590991437,
        0.0,
        0.06463913808224177,
        0.034597131494279613
      ]
    },
    "My_Whiteboard_Gloss": {
      "bands_hz": [
        63,
        125,
        250,
        500,
        1000,
        2000,
        4000,
        8000
      ],
      "alpha": [
        0.005582295256439863,
        0.0,
        8.922814903448983e-05,
        0.0,
        0.0,
        0.06036591888176558,
        0.06464182097503224,
        0.01502310672226427
      ]
    }
  },
  "scatter": {}
}