{
  "alpha": {
    "My_Glass_10mm": {
      "bands_hz": [
        63,
        125,
        250,
        500,
        1000,
        2000,
        4000,
        8000
      ],
      "alpha": [
        0.010597069197811951,
        0.03594277985319291,
        0.01,
        0.09808325710253536,
        0.09169449431267052,
        0.011612740515479236,
        0.0645260426081827,
        0.05636038081263474
      ]
    },
    "My_Linoleum_on_Slab": {
      "bands_hz": [
        63,
        125,
        250,
        500,
        1000,
        2000,
        4000,
        8000
      ],
      "alpha": [
        0.01,
        0.12203150735724076,
        0.01,
        0.032773863226647056,
        0.01,
        0.08834181638044172,
        0.04314360122726621,
        0.01
      ]
    },
    "My_Painted_Plasterboard": {
      "bands_hz": [
        63,
        125,
        250,
        500,
        1000,
        2000,
        4000,
        8000
      ],
      "alpha": [
        0.06125561178238383,
        0.06754793365917891,
        0.17051549129186458,
        0.02065988022931463,
        0.01,
        0.01,
        0.01,
        0.01
      ]
    },
    "My_Plasterboard_Ceiling": {
      "bands_hz": [
        63,
        125,
        250,
        500,
        1000,
        2000,
        4000,
        8000
      ],
      "alpha": [
        0.111692053169373,
        0.16222444199986427,
        0.10510083644915422,
        0.11218703645617137,
        0.01,
        0.01,
        0.01,
        0.016034333529291678
      ]
    },
    "My_Solid_Core_Door": {
      "bands_hz": [
        63,
        125,
        250,
        500,
        1000,
        2000,
        4000,
        8000
      ],
      "alpha": [
        0.1516831690183995,
        0.018540470631716967,
        0.01,
        0.24442592430078577,
        0.01,
        0.14892648579873435,
        0.07867951966096924,
        0.01
      ]
    },
    "My_Timber_Platform_Dense": {
      "bands_hz": [
        63,
        125,
        250,
        500,
        1000,
        2000,
        4000,
        8000
      ],
      "alpha": [
        0.057645727959347394,
        0.01,
        0.07637685707106684,
        0.10061088635432874,
        0.12053779791588301,
        0.01,
        0.01,
        0.06919555702150627
      ]
    },
    "My_Whiteboard_Gloss": {
      "bands_hz": [
        63,
        125,
        250,
        500,
        1000,
        2000,
        4000,
        8000
      ],
      "alpha": [
        0.01,
        0.07258631427829733,
        0.050375054609361376,
        0.04910549833011843,
        0.115011935407087,
        0.01,
        0.018960858327206297,
        0.19822372625750814
      ]
    }
  },
  "scatter": {}
}