{
  "alpha": {
    "My_Glass_10mm": {
      "bands_hz": [
        63,
        125,
        250,
        500,
        1000,
        2000,
        4000,
        8000
      ],
      "alpha": [
        0.20194642412623734,
        0.010368269761256757,
        0.010000000000000002,
        0.16068670609811453,
        0.04066412974072106,
        0.01,
        0.04052617820358369,
        0.01700967837140016
      ]
    },
    "My_Linoleum_on_Slab": {
      "bands_hz": [
        63,
        125,
        250,
        500,
        1000,
        2000,
        4000,
        8000
      ],
      "alpha": [
        0.15247001845863245,
        0.018905009994104847,
        0.081291344504931,
        0.01,
        0.03318612069206506,
        0.015227690414329972,
        0.1412047073342556,
        0.05839738414674321
      ]
    },
    "My_Painted_Plasterboard": {
      "bands_hz": [
        63,
        125,
        250,
        500,
        1000,
        2000,
        4000,
        8000
      ],
      "alpha": [
        0.04038432607752291,
        0.13579048965744026,
        0.16534851169540074,
        0.0842385165780223,
        0.06718434238695614,
        0.01,
        0.028158153531091648,
        0.012022200582866162
      ]
    },
    "My_Plasterboard_Ceiling": {
      "bands_hz": [
        63,
        125,
        250,
        500,
        1000,
        2000,
        4000,
        8000
      ],
      "alpha": [
        0.03143015240031139,
        0.02371726788731654,
        0.01,
        0.08581329473056966,
        0.01,
        0.17991080706090568,
        0.07079822326893515,
        0.01
      ]
    },
    "My_Solid_Core_Door": {
      "bands_hz": [
        63,
        125,
        250,
        500,
        1000,
        2000,
        4000,
        8000
      ],
      "alpha": [
        0.05089363791836822,
        0.05352306260142348,
        0.01,
        0.02009723428750171,
        0.010000000000000002,
        0.12634809410949796,
        0.11026548554421284,
        0.010049680032354728
      ]
    },
    "My_Timber_Platform_Dense": {
      "bands_hz": [
        63,
        125,
        250,
        500,
        1000,
        2000,
        4000,
        8000
      ],
      "alpha": [
        0.08611272750697951,
        0.03980232792095652,
        0.015521365939658265,
        0.010000000000000002,
        0.0464463313820893,
        0.01,
        0.10174670295183248,
        0.010000000000000002
      ]
    },
    "My_Whiteboard_Gloss": {
      "bands_hz": [
        63,
        125,
        250,
        500,
        1000,
        2000,
        4000,
        8000
      ],
      "alpha": [
        0.07480579314434273,
        0.048328209890102225,
        0.018953507104786604,
        0.025017051278378017,
        0.027607058241082647,
        0.05840206361636599,
        0.043766248576980304,
        0.038795870702476795
      ]
    }
  },
  "scatter": {}
}