{
  "My_Glass_10mm": {
    "bands_hz": [
      63,
      125,
      250,
      500,
      1000,
      2000,
      4000,
      8000
    ],
    "alpha": [
      0.09537670713699176,
      0.01,
      0.035958472721890664,
      0.11914830794812907,
      0.04043731093854936,
      0.01,
      0.04061032845851319,
      0.023745645013069916
    ]
  },
  "My_Linoleum_on_Slab": {
    "bands_hz": [
      63,
      125,
      250,
      500,
      1000,
      2000,
      4000,
      8000
    ],
    "alpha": [
      0.15085257671559218,
      0.01,
      0.1185385236250578,
      0.01,
      0.07853117536175298,
      0.016073040818979922,
      0.14110737267267703,
      0.032650903548610916
    ]
  },
  "My_Painted_Plasterboard": {
    "bands_hz": [
      63,
      125,
      250,
      500,
      1000,
      2000,
      4000,
      8000
    ],
    "alpha": [
      0.04109379265956976,
      0.13934753246184395,
      0.1653092536465176,
      0.09690228637316421,
      0.05924469823015303,
      0.01,
      0.023790159513889752,
      0.01617956189256961
    ]
  },
  "My_Plasterboard_Ceiling": {
    "bands_hz": [
      63,
      125,
      250,
      500,
      1000,
      2000,
      4000,
      8000
    ],
    "alpha": [
      0.01,
      0.023674086619907775,
      0.010000000000000002,
      0.0863397366394588,
      0.010000000000000002,
      0.17681996096806074,
      0.06982985655396212,
      0.01
    ]
  },
  "My_Solid_Core_Door": {
    "bands_hz": [
      63,
      125,
      250,
      500,
      1000,
      2000,
      4000,
      8000
    ],
    "alpha": [
      0.01,
      0.052175544296834415,
      0.01,
      0.03385933994022016,
      0.01,
      0.08278304253933959,
      0.0718661796105247,
      0.011589055077149414
    ]
  },
  "My_Timber_Platform_Dense": {
    "bands_hz": [
      63,
      125,
      250,
      500,
      1000,
      2000,
      4000,
      8000
    ],
    "alpha": [
      0.08674851392151034,
      0.043616151929764556,
      0.13518148524229542,
      0.010000000000000002,
      0.04648588921376397,
      0.010000000000000002,
      0.01,
      0.010000000000000002
    ]
  },
  "My_Whiteboard_Gloss": {
    "bands_hz": [
      63,
      125,
      250,
      500,
      1000,
      2000,
      4000,
      8000
    ],
    "alpha": [
      0.07473695877686395,
      0.058447690929341524,
      0.01,
      0.019914709039009472,
      0.027570723013640223,
      0.03172940382086449,
      0.02765926011483412,
      0.01
    ]
  }
}