{
  "alpha": {
    "My_Glass_10mm": {
      "bands_hz": [
        63,
        125,
        250,
        500,
        1000,
        2000,
        4000,
        8000
      ],
      "alpha": [
        0.01951308828467191,
        0.017271345988008953,
        0.03861039238891431,
        0.04521764949304003,
        0.03942660369908531,
        0.039444029532832214,
        0.05311962964542123,
        0.04860512324007392
      ]
    },
    "My_Linoleum_on_Slab": {
      "bands_hz": [
        63,
        125,
        250,
        500,
        1000,
        2000,
        4000,
        8000
      ],
      "alpha": [
        0.019310898551116545,
        0.0,
        0.010181844116672722,
        0.0,
        0.030969230487529073,
        0.03065884745445253,
        0.04496799232893128,
        0.01856869078932308
      ]
    },
    "My_Painted_Plasterboard": {
      "bands_hz": [
        63,
        125,
        250,
        500,
        1000,
        2000,
        4000,
        8000
      ],
      "alpha": [
        0.021510899341488893,
        0.01321630350404722,
        0.03178101080230934,
        0.0,
        0.05490839015770114,
        0.01534498359620235,
        0.00012181433391453625,
        0.06914420106974033
      ]
    },
    "My_Plasterboard_Ceiling": {
      "bands_hz": [
        63,
        125,
        250,
        500,
        1000,
        2000,
        4000,
        8000
      ],
      "alpha": [
        0.011801113398988917,
        0.04078062669393015,
        0.07987677079400893,
        0.05445970714158306,
        0.0,
        0.0185955734453758,
        0.00227466995428776,
        0.00011813384438079388
      ]
    },
    "My_Solid_Core_Door": {
      "bands_hz": [
        63,
        125,
        250,
        500,
        1000,
        2000,
        4000,
        8000
      ],
      "alpha": [
        0.04735478373693895,
        0.0,
        0.034138544322060434,
        0.07988340264573647,
        0.045451596674522116,
        0.0755246121273877,
        0.04018646233650324,
        0.060228449350991045
      ]
    },
    "My_Timber_Platform_Dense": {
      "bands_hz": [
        63,
        125,
        250,
        500,
        1000,
        2000,
        4000,
        8000
      ],
      "alpha": [
        0.02785795133909206,
        0.071384235488468,
        0.05902038960226211,
        0.034621533461894886,
        0.06900748183853202,
        0.0,
        0.036020664226794584,
        0.019570749576049963
      ]
    },
    "My_Whiteboard_Gloss": {
      "bands_hz": [
        63,
        125,
        250,
        500,
        1000,
        2000,
        4000,
        8000
      ],
      "alpha": [
        0.027048112648788966,
        0.00644616549980586,
        0.024386260679995775,
        0.02310992689910474,
        0.015035297944087929,
        0.02787457112366268,
        0.011269644449687855,
        0.015772253129217182
      ]
    }
  },
  "scatter": {}
}