{
  "My_Glass_10mm": {
    "bands_hz": [
      63,
      125,
      250,
      500,
      1000,
      2000,
      4000,
      8000
    ],
    "alpha": [
      0.01,
      0.2654427251340642,
      0.04966513175926336,
      0.01,
      0.16823443709404545,
      0.01,
      0.0903216778420122,
      0.07635201801692856
    ]
  },
  "My_Linoleum_on_Slab": {
    "bands_hz": [
      63,
      125,
      250,
      500,
      1000,
      2000,
      4000,
      8000
    ],
    "alpha": [
      0.01,
      0.01099222890330974,
      0.48402822738155293,
      0.2181112691614405,
      0.2745276528693366,
      0.40451471402338235,
      0.01,
      0.20494022826078076
    ]
  },
  "My_Painted_Plasterboard": {
    "bands_hz": [
      63,
      125,
      250,
      500,
      1000,
      2000,
      4000,
      8000
    ],
    "alpha": [
      0.07853929663035819,
      0.01,
      0.06781388138912259,
      0.01,
      0.01,
      0.01,
      0.38909083906982467,
      0.01
    ]
  },
  "My_Plasterboard_Ceiling": {
    "bands_hz": [
      63,
      125,
      250,
      500,
      1000,
      2000,
      4000,
      8000
    ],
    "alpha": [
      0.01,
      0.07413246414612115,
      0.01,
      0.43550227213553505,
      0.36244992985995617,
      0.01,
      0.01,
      0.013149695758091735
    ]
  },
  "My_Solid_Core_Door": {
    "bands_hz": [
      63,
      125,
      250,
      500,
      1000,
      2000,
      4000,
      8000
    ],
    "alpha": [
      0.01,
      0.062248022638982964,
      0.06235187060210201,
      0.15571679231244073,
      0.01,
      0.01,
      0.01,
      0.28557480872266683
    ]
  },
  "My_Timber_Platform_Dense": {
    "bands_hz": [
      63,
      125,
      250,
      500,
      1000,
      2000,
      4000,
      8000
    ],
    "alpha": [
      0.08480843838627558,
      0.13896688157647835,
      0.01707214598760244,
      0.041544534940763336,
      0.2708703124263978,
      0.01,
      0.20181238070933485,
      0.15158991041642045
    ]
  },
  "My_Whiteboard_Gloss": {
    "bands_hz": [
      63,
      125,
      250,
      500,
      1000,
      2000,
      4000,
      8000
    ],
    "alpha": [
      0.05666659559425771,
      0.0625682921280051,
      0.01,
      0.15437112475424308,
      0.01,
      0.10664324097389381,
      0.027854402944643575,
      0.14248862491052272
    ]
  }
}