{
  "alpha": {
    "My_Glass_10mm": {
      "bands_hz": [
        63,
        125,
        250,
        500,
        1000,
        2000,
        4000,
        8000
      ],
      "alpha": [
        0.15079187222687188,
        0.17547688164992487,
        0.15983714950737987,
        0.05115015467525608,
        0.0,
        0.0,
        0.0,
        0.0
      ]
    },
    "My_Linoleum_on_Slab": {
      "bands_hz": [
        63,
        125,
        250,
        500,
        1000,
        2000,
        4000,
        8000
      ],
      "alpha": [
        0.0,
        0.0,
        0.12988360373967323,
        0.0,
        0.0,
        0.04010723624928719,
        0.11930512025890275,
        0.10142108424130823
      ]
    },
    "My_Painted_Plasterboard": {
      "bands_hz": [
        63,
        125,
        250,
        500,
        1000,
        2000,
        4000,
        8000
      ],
      "alpha": [
        0.0,
        0.09325824386992643,
        0.0040405255706177125,
        0.037721732490287097,
        0.0,
        0.10202170271475049,
        0.0,
        0.0
      ]
    },
    "My_Plasterboard_Ceiling": {
      "bands_hz": [
        63,
        125,
        250,
        500,
        1000,
        2000,
        4000,
        8000
      ],
      "alpha": [
        0.06465538787511746,
        0.1251233305587815,
        0.1025991324698866,
        0.18222176291883657,
        0.0,
        0.04883534449364846,
        0.19695996724856615,
        0.17162528160259374
      ]
    },
    "My_Solid_Core_Door": {
      "bands_hz": [
        63,
        125,
        250,
        500,
        1000,
        2000,
        4000,
        8000
      ],
      "alpha": [
        0.22766174271007486,
        0.10578146011884246,
        0.0,
        0.06897130445705456,
        0.033506244638808316,
        0.144113563476549,
        0.0,
        0.0
      ]
    },
    "My_Timber_Platform_Dense": {
      "bands_hz": [
        63,
        125,
        250,
        500,
        1000,
        2000,
        4000,
        8000
      ],
      "alpha": [
        0.0,
        0.0,
        0.05291027574710626,
        0.0,
        0.0,
        0.04884826559309692,
        0.0,
        0.0
      ]
    },
    "My_Whiteboard_Gloss": {
      "bands_hz": [
        63,
        125,
        250,
        500,
        1000,
        2000,
        4000,
        8000
      ],
      "alpha": [
        0.14401153813906903,
        0.07483800638625396,
        0.06419071397641966,
        0.0,
        0.0,
        0.0,
        0.03460519884602379,
        0.10313429018747393
      ]
    }
  },
  "scatter": {}
}