{
  "My_Glass_10mm": {
    "bands_hz": [
      63,
      125,
      250,
      500,
      1000,
      2000,
      4000,
      8000
    ],
    "alpha": [
      0.01,
      0.01,
      0.12120986718010213,
      0.5118508493479739,
      0.16251529316102153,
      0.44188987517919576,
      0.01,
      0.14023547777519746
    ]
  },
  "My_Linoleum_on_Slab": {
    "bands_hz": [
      63,
      125,
      250,
      500,
      1000,
      2000,
      4000,
      8000
    ],
    "alpha": [
      0.04525111771344197,
      0.01,
      0.1125469384475022,
      0.01,
      0.42669277376297554,
      0.10491173010359159,
      0.01,
      0.2517711472368765
    ]
  },
  "My_Painted_Plasterboard": {
    "bands_hz": [
      63,
      125,
      250,
      500,
      1000,
      2000,
      4000,
      8000
    ],
    "alpha": [
      0.021771031458317075,
      0.10340346802349133,
      0.11220983094978465,
      0.3856289843026264,
      0.14951231014485375,
      0.15974276187496503,
      0.13178605301146035,
      0.017393438780704956
    ]
  },
  "My_Plasterboard_Ceiling": {
    "bands_hz": [
      63,
      125,
      250,
      500,
      1000,
      2000,
      4000,
      8000
    ],
    "alpha": [
      0.08353599650738658,
      0.01,
      0.023743460791353796,
      0.1304605002673737,
      0.01,
      0.01,
      0.14845793511684025,
      0.22998564232057744
    ]
  },
  "My_Solid_Core_Door": {
    "bands_hz": [
      63,
      125,
      250,
      500,
      1000,
      2000,
      4000,
      8000
    ],
    "alpha": [
      0.01,
      0.01,
      0.21386024269014922,
      0.01,
      0.24115738406188295,
      0.01,
      0.01,
      0.0339093850160289
    ]
  },
  "My_Timber_Platform_Dense": {
    "bands_hz": [
      63,
      125,
      250,
      500,
      1000,
      2000,
      4000,
      8000
    ],
    "alpha": [
      0.01,
      0.04761008843681164,
      0.05973462222998827,
      0.2655811455903165,
      0.01,
      0.01,
      0.06297821519694957,
      0.08583682143569124
    ]
  },
  "My_Whiteboard_Gloss": {
    "bands_hz": [
      63,
      125,
      250,
      500,
      1000,
      2000,
      4000,
      8000
    ],
    "alpha": [
      0.044583512359411846,
      0.16575677362235355,
      0.06745679449734188,
      0.01,
      0.1748385619173931,
      0.29021495704240596,
      0.01,
      0.01
    ]
  }
}