{
  "alpha": {
    "My_Glass_10mm": {
      "bands_hz": [
        63,
        125,
        250,
        500,
        1000,
        2000,
        4000,
        8000
      ],
      "alpha": [
        0.01,
        0.01,
        0.4906436503528886,
        0.01,
        0.4033965931586434,
        0.01,
        0.2035661849485262,
        0.010523634183102266
      ]
    },
    "My_Linoleum_on_Slab": {
      "bands_hz": [
        63,
        125,
        250,
        500,
        1000,
        2000,
        4000,
        8000
      ],
      "alpha": [
        0.21791468573398867,
        0.297980615365789,
        0.01,
        0.076440293989579,
        0.13675217782017388,
        0.17852533801240225,
        0.01,
        0.2392650694549261
      ]
    },
    "My_Painted_Plasterboard": {
      "bands_hz": [
        63,
        125,
        250,
        500,
        1000,
        2000,
        4000,
        8000
      ],
      "alpha": [
        0.052694331988878795,
        0.01,
        0.2748392651640288,
        0.4201979178525985,
        0.16902119021563636,
        0.01,
        0.1420154789253838,
        0.11931659011026767
      ]
    },
    "My_Plasterboard_Ceiling": {
      "bands_hz": [
        63,
        125,
        250,
        500,
        1000,
        2000,
        4000,
        8000
      ],
      "alpha": [
        0.01,
        0.3604715255894638,
        0.30887571943795866,
        0.011498534588722503,
        0.01,
        0.2863526255196025,
        0.04374831083111594,
        0.01
      ]
    },
    "My_Solid_Core_Door": {
      "bands_hz": [
        63,
        125,
        250,
        500,
        1000,
        2000,
        4000,
        8000
      ],
      "alpha": [
        0.01,
        0.01,
        0.01,
        0.07573147409491035,
        0.01,
        0.21327258653031297,
        0.01,
        0.01
      ]
    },
    "My_Timber_Platform_Dense": {
      "bands_hz": [
        63,
        125,
        250,
        500,
        1000,
        2000,
        4000,
        8000
      ],
      "alpha": [
        0.01,
        0.01,
        0.35482951845994715,
        0.16298796060978993,
        0.2033479927906423,
        0.01,
        0.16310884671039277,
        0.1613590239337366
      ]
    },
    "My_Whiteboard_Gloss": {
      "bands_hz": [
        63,
        125,
        250,
        500,
        1000,
        2000,
        4000,
        8000
      ],
      "alpha": [
        0.01,
        0.10515628485618003,
        0.07122075306428746,
        0.028307176122964437,
        0.32970686266644134,
        0.01,
        0.01,
        0.01
      ]
    }
  },
  "scatter": {}
}