{
  "My_Glass_10mm": {
    "bands_hz": [
      63,
      125,
      250,
      500,
      1000,
      2000,
      4000,
      8000
    ],
    "alpha": [
      0.016590392657538307,
      0.01,
      0.19139591723927063,
      0.3207059711150897,
      0.09129441315811253,
      0.08189427347850581,
      0.01,
      0.10324264177438011
    ]
  },
  "My_Linoleum_on_Slab": {
    "bands_hz": [
      63,
      125,
      250,
      500,
      1000,
      2000,
      4000,
      8000
    ],
    "alpha": [
      0.07428705756096601,
      0.01,
      0.01,
      0.27200413917323296,
      0.01,
      0.21069704812415285,
      0.01,
      0.01
    ]
  },
  "My_Painted_Plasterboard": {
    "bands_hz": [
      63,
      125,
      250,
      500,
      1000,
      2000,
      4000,
      8000
    ],
    "alpha": [
      0.01,
      0.01,
      0.0821637139386845,
      0.01,
      0.516182070878842,
      0.06061740412245625,
      0.08762702082586103,
      0.01
    ]
  },
  "My_Plasterboard_Ceiling": {
    "bands_hz": [
      63,
      125,
      250,
      500,
      1000,
      2000,
      4000,
      8000
    ],
    "alpha": [
      0.01,
      0.016196573526291724,
      0.09736731114327668,
      0.01,
      0.0957057155560835,
      0.01,
      0.08511891125574783,
      0.010893571281711551
    ]
  },
  "My_Solid_Core_Door": {
    "bands_hz": [
      63,
      125,
      250,
      500,
      1000,
      2000,
      4000,
      8000
    ],
    "alpha": [
      0.0709101524641237,
      0.01,
      0.45083564390108866,
      0.01,
      0.30889612809133093,
      0.2286317818790141,
      0.01,
      0.12201726138003632
    ]
  },
  "My_Timber_Platform_Dense": {
    "bands_hz": [
      63,
      125,
      250,
      500,
      1000,
      2000,
      4000,
      8000
    ],
    "alpha": [
      0.196796185910928,
      0.01,
      0.09734078155757848,
      0.01,
      0.16211313332765467,
      0.01,
      0.2969595519806357,
      0.06674079695047151
    ]
  },
  "My_Whiteboard_Gloss": {
    "bands_hz": [
      63,
      125,
      250,
      500,
      1000,
      2000,
      4000,
      8000
    ],
    "alpha": [
      0.01,
      0.01,
      0.28592210750238556,
      0.0477944491162227,
      0.07028266807266659,
      0.01,
      0.01,
      0.30385602527922095
    ]
  }
}