{
  "My_Plasterboard_Ceiling": {
    "bands_hz": [
      63,
      125,
      250,
      500,
      1000,
      2000,
      4000,
      8000
    ],
    "alpha": [
      0.04860712721209514,
      0.04860712721209514,
      0.05843096141631089,
      0.08710743473126305,
      0.08710743473126305,
      0.11089167335759205,
      0.11089167335759205,
      0.11089167335759205
    ]
  },
  "My_Painted_Plasterboard": {
    "bands_hz": [
      63,
      125,
      250,
      500,
      1000,
      2000,
      4000,
      8000
    ],
    "alpha": [
      0.027949292535292727,
      0.027949292535292727,
      0.027949292535292727,
      0.06843246599220645,
      0.06843246599220645,
      0.08128592351201266,
      0.08128592351201266,
      0.08128592351201266
    ]
  },
  "My_Glass_10mm": {
    "bands_hz": [
      63,
      125,
      250,
      500,
      1000,
      2000,
      4000,
      8000
    ],
    "alpha": [
      0.05353873437997465,
      0.07326918662873837,
      0.08560594102855364,
      0.08560594102855364,
      0.08560594102855364,
      0.08560594102855364,
      0.08560594102855364,
      0.08560594102855364
    ]
  },
  "My_Timber_Platform_Dense": {
    "bands_hz": [
      63,
      125,
      250,
      500,
      1000,
      2000,
      4000,
      8000
    ],
    "alpha": [
      0.0353679910622345,
      0.07525994032599839,
      0.07525994032599839,
      0.07525994032599839,
      0.07525994032599839,
      0.07525994032599839,
      0.07525994032599839,
      0.07525994032599839
    ]
  },
  "My_Solid_Core_Door": {
    "bands_hz": [
      63,
      125,
      250,
      500,
      1000,
      2000,
      4000,
      8000
    ],
    "alpha": [
      0.05334572370312317,
      0.05334572370312317,
      0.05334572370312317,
      0.05334572370312317,
      0.05334572370312317,
      0.05334572370312317,
      0.05334572370312317,
      0.05334572370312317
    ]
  },
  "My_Whiteboard_Gloss": {
    "bands_hz": [
      63,
      125,
      250,
      500,
      1000,
      2000,
      4000,
      8000
    ],
    "alpha": [
      0.0,
      0.02492432659975246,
      0.05824847980247222,
      0.06519520154995714,
      0.08617006735989169,
      0.08617006735989169,
      0.08617006735989169,
      0.08617006735989169
    ]
  },
  "My_Linoleum_on_Slab": {
    "bands_hz": [
      63,
      125,
      250,
      500,
      1000,
      2000,
      4000,
      8000
    ],
    "alpha": [
      0.05071611704411167,
      0.05071611704411167,
      0.05071611704411167,
      0.05071611704411167,
      0.05071611704411167,
      0.08383341563501812,
      0.08383341563501812,
      0.08383341563501812
    ]
  }
}