{
  "alpha": {
    "My_Glass_10mm": {
      "bands_hz": [
        63,
        125,
        250,
        500,
        1000,
        2000,
        4000,
        8000
      ],
      "alpha": [
        0.01,
        0.01,
        0.01,
        0.16875177575940184,
        0.03172505415586401,
        0.01,
        0.18109816618067945,
        0.01
      ]
    },
    "My_Linoleum_on_Slab": {
      "bands_hz": [
        63,
        125,
        250,
        500,
        1000,
        2000,
        4000,
        8000
      ],
      "alpha": [
        0.01,
        0.01,
        0.01,
        0.18253272617447638,
        0.01,
        0.08022101250719221,
        0.01,
        0.01
      ]
    },
    "My_Painted_Plasterboard": {
      "bands_hz": [
        63,
        125,
        250,
        500,
        1000,
        2000,
        4000,
        8000
      ],
      "alpha": [
        0.31331906218029526,
        0.11272249057569718,
        0.01,
        0.11564538371112838,
        0.0578406795574557,
        0.2459357335788217,
        0.01,
        0.21981569651542737
      ]
    },
    "My_Plasterboard_Ceiling": {
      "bands_hz": [
        63,
        125,
        250,
        500,
        1000,
        2000,
        4000,
        8000
      ],
      "alpha": [
        0.01,
        0.05223697862522643,
        0.01,
        0.17556190184733694,
        0.01,
        0.1612135493938812,
        0.1311053355229087,
        0.01
      ]
    },
    "My_Solid_Core_Door": {
      "bands_hz": [
        63,
        125,
        250,
        500,
        1000,
        2000,
        4000,
        8000
      ],
      "alpha": [
        0.01,
        0.06322602249315845,
        0.01,
        0.01,
        0.014610922105815856,
        0.01,
        0.01,
        0.01
      ]
    },
    "My_Timber_Platform_Dense": {
      "bands_hz": [
        63,
        125,
        250,
        500,
        1000,
        2000,
        4000,
        8000
      ],
      "alpha": [
        0.217355460843548,
        0.1075163646314121,
        0.01,
        0.1690790332167949,
        0.0768176368728423,
        0.0651547773831494,
        0.01,
        0.01
      ]
    },
    "My_Whiteboard_Gloss": {
      "bands_hz": [
        63,
        125,
        250,
        500,
        1000,
        2000,
        4000,
        8000
      ],
      "alpha": [
        0.01,
        0.10516969653355793,
        0.32443140301116424,
        0.12093587652786777,
        0.01,
        0.05371262086539051,
        0.01,
        0.20230407252302626
      ]
    }
  },
  "scatter": {}
}