{
  "My_Plasterboard_Ceiling": {
    "bands_hz": [
      63,
      125,
      250,
      500,
      1000,
      2000,
      4000,
      8000
    ],
    "alpha": [
      0.02943644532598611,
      0.02943644532598611,
      0.02943644532598611,
      0.02943644532598611,
      0.02943644532598611,
      0.02943644532598611,
      0.0507552010754275,
      0.3577024135280043
    ]
  },
  "My_Painted_Plasterboard": {
    "bands_hz": [
      63,
      125,
      250,
      500,
      1000,
      2000,
      4000,
      8000
    ],
    "alpha": [
      0.1802720939831249,
      0.1802720939831249,
      0.1802720939831249,
      0.1802720939831249,
      0.1802720939831249,
      0.4602423676927429,
      0.4602423676927429,
      0.4602423676927429
    ]
  },
  "My_Glass_10mm": {
    "bands_hz": [
      63,
      125,
      250,
      500,
      1000,
      2000,
      4000,
      8000
    ],
    "alpha": [
      0.0,
      0.09659519017905863,
      0.15059554010273263,
      0.18451385657876312,
      0.18451385657876312,
      0.18451385657876312,
      0.18451385657876312,
      0.18451385657876312
    ]
  },
  "My_Timber_Platform_Dense": {
    "bands_hz": [
      63,
      125,
      250,
      500,
      1000,
      2000,
      4000,
      8000
    ],
    "alpha": [
      0.11659992715687739,
      0.11659992715687739,
      0.38186044296306093,
      0.38186044296306093,
      0.6771659547117062,
      0.6771659547117062,
      0.6771659547117062,
      0.6771659547117062
    ]
  },
  "My_Solid_Core_Door": {
    "bands_hz": [
      63,
      125,
      250,
      500,
      1000,
      2000,
      4000,
      8000
    ],
    "alpha": [
      0.0,
      0.016144615548885535,
      0.03468844978510731,
      0.03468844978510731,
      0.05535132593273848,
      0.15340903320733706,
      0.15340903320733706,
      0.41777233929352753
    ]
  },
  "My_Whiteboard_Gloss": {
    "bands_hz": [
      63,
      125,
      250,
      500,
      1000,
      2000,
      4000,
      8000
    ],
    "alpha": [
      0.09556955881667839,
      0.09556955881667839,
      0.09556955881667839,
      0.09556955881667839,
      0.09556955881667839,
      0.333337179882928,
      0.333337179882928,
      0.333337179882928
    ]
  },
  "My_Linoleum_on_Slab": {
    "bands_hz": [
      63,
      125,
      250,
      500,
      1000,
      2000,
      4000,
      8000
    ],
    "alpha": [
      0.05024475218203256,
      0.05024475218203256,
      0.18284951454674567,
      0.1986574269768494,
      0.1986574269768494,
      0.1986574269768494,
      0.3806281954828348,
      0.3806281954828348
    ]
  }
}