{
  "alpha": {
    "My_Glass_10mm": {
      "bands_hz": [
        63,
        125,
        250,
        500,
        1000,
        2000,
        4000,
        8000
      ],
      "alpha": [
        0.01,
        0.06579312633086966,
        0.01,
        0.01,
        0.01,
        0.20887854061625483,
        0.01,
        0.01
      ]
    },
    "My_Linoleum_on_Slab": {
      "bands_hz": [
        63,
        125,
        250,
        500,
        1000,
        2000,
        4000,
        8000
      ],
      "alpha": [
        0.04891899794723721,
        0.20902843600810045,
        0.01,
        0.01,
        0.18410300146217864,
        0.16941809602151137,
        0.01,
        0.01
      ]
    },
    "My_Painted_Plasterboard": {
      "bands_hz": [
        63,
        125,
        250,
        500,
        1000,
        2000,
        4000,
        8000
      ],
      "alpha": [
        0.01,
        0.19701192947656637,
        0.01,
        0.1810936090600529,
        0.01,
        0.053363338829506154,
        0.01,
        0.233095448733943
      ]
    },
    "My_Plasterboard_Ceiling": {
      "bands_hz": [
        63,
        125,
        250,
        500,
        1000,
        2000,
        4000,
        8000
      ],
      "alpha": [
        0.17864167281267357,
        0.01,
        0.3692038417401303,
        0.01,
        0.10730664943108466,
        0.3623074009619659,
        0.01,
        0.15864028267850575
      ]
    },
    "My_Solid_Core_Door": {
      "bands_hz": [
        63,
        125,
        250,
        500,
        1000,
        2000,
        4000,
        8000
      ],
      "alpha": [
        0.1505625938399982,
        0.01,
        0.04620620943767739,
        0.01,
        0.22146965896819523,
        0.3273918856724063,
        0.01,
        0.014309205117180639
      ]
    },
    "My_Timber_Platform_Dense": {
      "bands_hz": [
        63,
        125,
        250,
        500,
        1000,
        2000,
        4000,
        8000
      ],
      "alpha": [
        0.01,
        0.24406817576489545,
        0.01,
        0.01,
        0.01,
        0.01,
        0.028604126379228455,
        0.0658317499990175
      ]
    },
    "My_Whiteboard_Gloss": {
      "bands_hz": [
        63,
        125,
        250,
        500,
        1000,
        2000,
        4000,
        8000
      ],
      "alpha": [
        0.12916965759664645,
        0.01,
        0.01,
        0.01,
        0.01,
        0.28465719460359085,
        0.01,
        0.3457197003934698
      ]
    }
  },
  "scatter": {}
}