{
  "alpha": {
    "My_Glass_10mm": {
      "bands_hz": [
        63,
        125,
        250,
        500,
        1000,
        2000,
        4000,
        8000
      ],
      "alpha": [
        0.10364212035711476,
        0.06241496927479004,
        0.02743653246549763,
        0.01,
        0.1142165196915471,
        0.01,
        0.01,
        0.01
      ]
    },
    "My_Linoleum_on_Slab": {
      "bands_hz": [
        63,
        125,
        250,
        500,
        1000,
        2000,
        4000,
        8000
      ],
      "alpha": [
        0.21707824096572392,
        0.01,
        0.2571331826918739,
        0.04381551212531837,
        0.01651834266305314,
        0.24185487090303345,
        0.23069323903297223,
        0.056217042300299856
      ]
    },
    "My_Painted_Plasterboard": {
      "bands_hz": [
        63,
        125,
        250,
        500,
        1000,
        2000,
        4000,
        8000
      ],
      "alpha": [
        0.01,
        0.01,
        0.17989356048718327,
        0.01,
        0.01,
        0.01,
        0.01,
        0.01
      ]
    },
    "My_Plasterboard_Ceiling": {
      "bands_hz": [
        63,
        125,
        250,
        500,
        1000,
        2000,
        4000,
        8000
      ],
      "alpha": [
        0.01,
        0.01,
        0.01,
        0.3183878620430277,
        0.01,
        0.01,
        0.022974619386107106,
        0.31008710270661843
      ]
    },
    "My_Solid_Core_Door": {
      "bands_hz": [
        63,
        125,
        250,
        500,
        1000,
        2000,
        4000,
        8000
      ],
      "alpha": [
        0.01,
        0.01809658790483892,
        0.04447412135366706,
        0.01,
        0.01,
        0.2585220586873219,
        0.09490730223948304,
        0.01
      ]
    },
    "My_Timber_Platform_Dense": {
      "bands_hz": [
        63,
        125,
        250,
        500,
        1000,
        2000,
        4000,
        8000
      ],
      "alpha": [
        0.10242239693777264,
        0.04832719284274749,
        0.01,
        0.01,
        0.27019876634880274,
        0.01,
        0.019556493085587955,
        0.01
      ]
    },
    "My_Whiteboard_Gloss": {
      "bands_hz": [
        63,
        125,
        250,
        500,
        1000,
        2000,
        4000,
        8000
      ],
      "alpha": [
        0.05404150432850188,
        0.08170652493258865,
        0.07601383271032636,
        0.01,
        0.0872507728290708,
        0.1983494504226213,
        0.01,
        0.012930705059021205
      ]
    }
  },
  "scatter": {}
}