{
  "alpha": {
    "My_Glass_10mm": {
      "bands_hz": [
        63,
        125,
        250,
        500,
        1000,
        2000,
        4000,
        8000
      ],
      "alpha": [
        0.0,
        0.0,
        0.06433306134365434,
        0.0,
        0.0,
        0.0,
        0.09251325892064066,
        0.0
      ]
    },
    "My_Linoleum_on_Slab": {
      "bands_hz": [
        63,
        125,
        250,
        500,
        1000,
        2000,
        4000,
        8000
      ],
      "alpha": [
        0.14425840800194034,
        0.05153326527572054,
        0.0,
        0.06158736203531211,
        0.061714069168392297,
        0.0677553880063889,
        0.09206397795633524,
        0.0
      ]
    },
    "My_Painted_Plasterboard": {
      "bands_hz": [
        63,
        125,
        250,
        500,
        1000,
        2000,
        4000,
        8000
      ],
      "alpha": [
        0.0,
        0.05764911111402195,
        0.0,
        0.10850593232932546,
        0.021786780781393678,
        0.0,
        0.1264048863427145,
        0.0
      ]
    },
    "My_Plasterboard_Ceiling": {
      "bands_hz": [
        63,
        125,
        250,
        500,
        1000,
        2000,
        4000,
        8000
      ],
      "alpha": [
        0.33641782778469076,
        0.0,
        0.05676811676539521,
        0.10346711920063596,
        0.0,
        0.20469939038359694,
        0.038011845301963665,
        0.07144518058276729
      ]
    },
    "My_Solid_Core_Door": {
      "bands_hz": [
        63,
        125,
        250,
        500,
        1000,
        2000,
        4000,
        8000
      ],
      "alpha": [
        0.08949384691497525,
        0.09994450513121816,
        0.0,
        0.0,
        0.0,
        0.013165269478600836,
        0.4201418915552146,
        0.0
      ]
    },
    "My_Timber_Platform_Dense": {
      "bands_hz": [
        63,
        125,
        250,
        500,
        1000,
        2000,
        4000,
        8000
      ],
      "alpha": [
        0.033006279240822056,
        0.03873338414215084,
        0.17986673141950105,
        0.12994071608490093,
        0.0,
        0.035418203441365634,
        0.003078966406074843,
        0.0
      ]
    },
    "My_Whiteboard_Gloss": {
      "bands_hz": [
        63,
        125,
        250,
        500,
        1000,
        2000,
        4000,
        8000
      ],
      "alpha": [
        0.03278466813802402,
        0.0,
        0.0,
        0.0,
        0.21430434991072908,
        0.04739092992475847,
        0.2870890718362119,
        0.0
      ]
    }
  },
  "scatter": {}
}