{
  "alpha": {
    "My_Glass_10mm": {
      "bands_hz": [
        63,
        125,
        250,
        500,
        1000,
        2000,
        4000,
        8000
      ],
      "alpha": [
        0.10276840667157562,
        0.032298714098781024,
        0.1707611670102886,
        0.2682847998014872,
        0.4391592574662946,
        0.24092713400584095,
        0.05511679042688018,
        0.18176558206002036
      ]
    },
    "My_Linoleum_on_Slab": {
      "bands_hz": [
        63,
        125,
        250,
        500,
        1000,
        2000,
        4000,
        8000
      ],
      "alpha": [
        0.09739838676881495,
        0.36234386479671077,
        0.01,
        0.01,
        0.17522106364986234,
        0.0385319006866954,
        0.1713917516241305,
        0.01
      ]
    },
    "My_Painted_Plasterboard": {
      "bands_hz": [
        63,
        125,
        250,
        500,
        1000,
        2000,
        4000,
        8000
      ],
      "alpha": [
        0.013388028436847402,
        0.15427765934630835,
        0.08507561595683188,
        0.2772645200812832,
        0.01,
        0.03788123679875985,
        0.0368295348871736,
        0.11200675863224348
      ]
    },
    "My_Plasterboard_Ceiling": {
      "bands_hz": [
        63,
        125,
        250,
        500,
        1000,
        2000,
        4000,
        8000
      ],
      "alpha": [
        0.01,
        0.017367883451225467,
        0.01,
        0.3679614729475854,
        0.042537847714634626,
        0.08819827953204276,
        0.01718250417375764,
        0.1812922015084764
      ]
    },
    "My_Solid_Core_Door": {
      "bands_hz": [
        63,
        125,
        250,
        500,
        1000,
        2000,
        4000,
        8000
      ],
      "alpha": [
        0.013233694394198529,
        0.24292149746827432,
        0.01,
        0.01,
        0.3199397453009333,
        0.01,
        0.20442141411749087,
        0.01
      ]
    },
    "My_Timber_Platform_Dense": {
      "bands_hz": [
        63,
        125,
        250,
        500,
        1000,
        2000,
        4000,
        8000
      ],
      "alpha": [
        0.34799465223751613,
        0.01,
        0.02970030237876866,
        0.07237866176409255,
        0.06127304845455682,
        0.01,
        0.038331387499720385,
        0.01
      ]
    },
    "My_Whiteboard_Gloss": {
      "bands_hz": [
        63,
        125,
        250,
        500,
        1000,
        2000,
        4000,
        8000
      ],
      "alpha": [
        0.2299535063989833,
        0.04610718142070488,
        0.1796111942776389,
        0.01,
        0.01,
        0.01,
        0.24559730394041868,
        0.01
      ]
    }
  },
  "scatter": {}
}