{
  "alpha": {
    "My_Glass_10mm": {
      "bands_hz": [
        63,
        125,
        250,
        500,
        1000,
        2000,
        4000,
        8000
      ],
      "alpha": [
        0.048624747363425744,
        0.0619441540301345,
        0.08617855579376087,
        0.0,
        0.056812446897663835,
        0.07935121351584484,
        0.06492668196110765,
        0.0
      ]
    },
    "My_Linoleum_on_Slab": {
      "bands_hz": [
        63,
        125,
        250,
        500,
        1000,
        2000,
        4000,
        8000
      ],
      "alpha": [
        0.0,
        0.12408815596247677,
        0.0,
        0.026727408528999425,
        0.1637243211691958,
        0.06755879689476509,
        0.08934396926570329,
        0.22022593222126638
      ]
    },
    "My_Painted_Plasterboard": {
      "bands_hz": [
        63,
        125,
        250,
        500,
        1000,
        2000,
        4000,
        8000
      ],
      "alpha": [
        0.1857870646400747,
        0.0,
        0.045412616705820585,
        0.23855356944146897,
        0.08281947925516703,
        0.026566697683613926,
        0.0,
        0.13952187722299755
      ]
    },
    "My_Plasterboard_Ceiling": {
      "bands_hz": [
        63,
        125,
        250,
        500,
        1000,
        2000,
        4000,
        8000
      ],
      "alpha": [
        0.0,
        0.0695860261884132,
        0.0,
        0.012251958766084273,
        0.08069275519490975,
        0.0194904438608198,
        0.3440911751731308,
        0.25794693190115686
      ]
    },
    "My_Solid_Core_Door": {
      "bands_hz": [
        63,
        125,
        250,
        500,
        1000,
        2000,
        4000,
        8000
      ],
      "alpha": [
        0.0,
        0.0,
        0.1602861653471101,
        0.04769222514007079,
        0.0,
        0.0917606089416803,
        0.03126447407278712,
        0.03582349489874764
      ]
    },
    "My_Timber_Platform_Dense": {
      "bands_hz": [
        63,
        125,
        250,
        500,
        1000,
        2000,
        4000,
        8000
      ],
      "alpha": [
        0.09936253689135252,
        0.0,
        0.04775004647119199,
        0.0,
        0.12439883169202927,
        0.1731998112888926,
        0.0,
        0.11581309239174328
      ]
    },
    "My_Whiteboard_Gloss": {
      "bands_hz": [
        63,
        125,
        250,
        500,
        1000,
        2000,
        4000,
        8000
      ],
      "alpha": [
        0.124155727975444,
        0.1589803912611577,
        0.0,
        0.11595382879610627,
        0.11840889103034216,
        0.0,
        0.0,
        0.015686387534062186
      ]
    }
  },
  "scatter": {}
}