{
  "alpha": {
    "My_Glass_10mm": {
      "bands_hz": [
        63,
        125,
        250,
        500,
        1000,
        2000,
        4000,
        8000
      ],
      "alpha": [
        0.030569204372988552,
        0.0,
        0.0,
        0.011838649757064782,
        0.01478522177401729,
        0.0415417752140151,
        0.033021469584697975,
        0.04062058011017029
      ]
    },
    "My_Linoleum_on_Slab": {
      "bands_hz": [
        63,
        125,
        250,
        500,
        1000,
        2000,
        4000,
        8000
      ],
      "alpha": [
        0.06343751860874355,
        0.01820562381765392,
        0.0817276275517737,
        0.05864888422885872,
        0.0,
        0.04569644357519748,
        0.0,
        0.030376027163582068
      ]
    },
    "My_Painted_Plasterboard": {
      "bands_hz": [
        63,
        125,
        250,
        500,
        1000,
        2000,
        4000,
        8000
      ],
      "alpha": [
        0.03838549098526624,
        0.03441330778807949,
        0.022218569927561035,
        0.043285367769577754,
        0.06382171329301861,
        0.0021707602945633606,
        0.02774836763223192,
        0.03483632232447691
      ]
    },
    "My_Plasterboard_Ceiling": {
      "bands_hz": [
        63,
        125,
        250,
        500,
        1000,
        2000,
        4000,
        8000
      ],
      "alpha": [
        0.09080871575803603,
        0.0,
        0.013660381439979379,
        0.005598223517751372,
        0.004298558997424054,
        0.0017572005452168998,
        0.06106801630342061,
        0.03979697930304293
      ]
    },
    "My_Solid_Core_Door": {
      "bands_hz": [
        63,
        125,
        250,
        500,
        1000,
        2000,
        4000,
        8000
      ],
      "alpha": [
        0.05935223513573927,
        0.0621596261196089,
        0.047151058518027256,
        0.05539486506326825,
        0.0,
        0.0,
        0.0014828991236965315,
        0.029255411472728338
      ]
    },
    "My_Timber_Platform_Dense": {
      "bands_hz": [
        63,
        125,
        250,
        500,
        1000,
        2000,
        4000,
        8000
      ],
      "alpha": [
        0.0,
        0.037534866944844224,
        0.04484400312633381,
        0.04525418160956823,
        0.028763282575711507,
        0.029206478864645353,
        0.014876274399033442,
        0.053797747849268926
      ]
    },
    "My_Whiteboard_Gloss": {
      "bands_hz": [
        63,
        125,
        250,
        500,
        1000,
        2000,
        4000,
        8000
      ],
      "alpha": [
        0.0,
        0.023484924805443008,
        0.00603792114045857,
        0.0,
        0.06817295415915957,
        0.0,
        0.0,
        0.06922656689717047
      ]
    }
  },
  "scatter": {}
}