{
  "alpha": {
    "My_Glass_10mm": {
      "bands_hz": [
        63,
        125,
        250,
        500,
        1000,
        2000,
        4000,
        8000
      ],
      "alpha": [
        0.005199704424626833,
        0.0,
        0.04843157537639663,
        0.07876141848908852,
        0.02413978750955864,
        0.01646891147480739,
        0.010130337935280221,
        0.031041814140182596
      ]
    },
    "My_Linoleum_on_Slab": {
      "bands_hz": [
        63,
        125,
        250,
        500,
        1000,
        2000,
        4000,
        8000
      ],
      "alpha": [
        0.07378038191420797,
        0.07409202497912398,
        0.04421586052083556,
        0.04268375896217138,
        0.11983966657747369,
        0.025408499982901532,
        0.062508314274479,
        0.024949805031908058
      ]
    },
    "My_Painted_Plasterboard": {
      "bands_hz": [
        63,
        125,
        250,
        500,
        1000,
        2000,
        4000,
        8000
      ],
      "alpha": [
        0.0,
        0.02471173095846344,
        0.022687703015354794,
        0.03418153975058364,
        0.04356937076940115,
        0.059855663524624514,
        0.04108145260447764,
        0.06549693162202161
      ]
    },
    "My_Plasterboard_Ceiling": {
      "bands_hz": [
        63,
        125,
        250,
        500,
        1000,
        2000,
        4000,
        8000
      ],
      "alpha": [
        0.0,
        0.04325569488437774,
        0.04831770689641471,
        0.04449467772326729,
        0.09641417321172194,
        0.0018458365826489048,
        0.04787717538956418,
        0.03643828690497633
      ]
    },
    "My_Solid_Core_Door": {
      "bands_hz": [
        63,
        125,
        250,
        500,
        1000,
        2000,
        4000,
        8000
      ],
      "alpha": [
        0.01623141032892668,
        0.0,
        0.024770381265745548,
        0.029380100915399027,
        0.0,
        0.06508645647902023,
        0.05721772587424652,
        0.08001020438281468
      ]
    },
    "My_Timber_Platform_Dense": {
      "bands_hz": [
        63,
        125,
        250,
        500,
        1000,
        2000,
        4000,
        8000
      ],
      "alpha": [
        0.009577939142875636,
        0.04873553459573064,
        0.03716749113025549,
        0.04195756539256287,
        0.0,
        0.01462585135963624,
        0.04090674675913994,
        0.06675087380489816
      ]
    },
    "My_Whiteboard_Gloss": {
      "bands_hz": [
        63,
        125,
        250,
        500,
        1000,
        2000,
        4000,
        8000
      ],
      "alpha": [
        0.045698714021683545,
        0.031977219593963394,
        0.09158882129742281,
        0.0,
        0.0,
        0.04042201475038832,
        0.04506943873669864,
        0.04711111382667509
      ]
    }
  },
  "scatter": {}
}