{
  "alpha": {
    "My_Glass_10mm": {
      "bands_hz": [
        63,
        125,
        250,
        500,
        1000,
        2000,
        4000,
        8000
      ],
      "alpha": [
        0.01,
        0.09963998112054209,
        0.01,
        0.01,
        0.01,
        0.01,
        0.02919349856600158,
        0.05717052523427108
      ]
    },
    "My_Linoleum_on_Slab": {
      "bands_hz": [
        63,
        125,
        250,
        500,
        1000,
        2000,
        4000,
        8000
      ],
      "alpha": [
        0.0635426993041314,
        0.01,
        0.016115266107928662,
        0.01,
        0.07340593183963975,
        0.06625940432588759,
        0.01,
        0.01
      ]
    },
    "My_Painted_Plasterboard": {
      "bands_hz": [
        63,
        125,
        250,
        500,
        1000,
        2000,
        4000,
        8000
      ],
      "alpha": [
        0.01,
        0.07037993923724566,
        0.01,
        0.1457304671739627,
        0.05406863335509905,
        0.07692779147998907,
        0.011873433570029731,
        0.01
      ]
    },
    "My_Plasterboard_Ceiling": {
      "bands_hz": [
        63,
        125,
        250,
        500,
        1000,
        2000,
        4000,
        8000
      ],
      "alpha": [
        0.11396409221866094,
        0.018392102011502293,
        0.1070516366393977,
        0.01396003665178817,
        0.01,
        0.10632097976633745,
        0.14163482846814923,
        0.09498768023029204
      ]
    },
    "My_Solid_Core_Door": {
      "bands_hz": [
        63,
        125,
        250,
        500,
        1000,
        2000,
        4000,
        8000
      ],
      "alpha": [
        0.011737423998938089,
        0.036388443430705235,
        0.01,
        0.0314555444844841,
        0.10700019510391247,
        0.01,
        0.03651885616682734,
        0.01
      ]
    },
    "My_Timber_Platform_Dense": {
      "bands_hz": [
        63,
        125,
        250,
        500,
        1000,
        2000,
        4000,
        8000
      ],
      "alpha": [
        0.13997780982150856,
        0.13008613722985607,
        0.21031838592291735,
        0.11331002817828258,
        0.01,
        0.01,
        0.04601819020790826,
        0.01
      ]
    },
    "My_Whiteboard_Gloss": {
      "bands_hz": [
        63,
        125,
        250,
        500,
        1000,
        2000,
        4000,
        8000
      ],
      "alpha": [
        0.01,
        0.04449190258692816,
        0.01,
        0.13610497853466513,
        0.011174879618753093,
        0.02434231134826031,
        0.01,
        0.01
      ]
    }
  },
  "scatter": {}
}