{
  "My_Glass_10mm": {
    "bands_hz": [
      63,
      125,
      250,
      500,
      1000,
      2000,
      4000,
      8000
    ],
    "alpha": [
      0.15045004558546543,
      0.01,
      0.09764396434943194,
      0.01,
      0.1429733339081445,
      0.01,
      0.01,
      0.01
    ]
  },
  "My_Linoleum_on_Slab": {
    "bands_hz": [
      63,
      125,
      250,
      500,
      1000,
      2000,
      4000,
      8000
    ],
    "alpha": [
      0.11566270442818724,
      0.014039636140160006,
      0.01,
      0.04428665523878077,
      0.06111341759522694,
      0.01,
      0.01,
      0.2464537958832014
    ]
  },
  "My_Painted_Plasterboard": {
    "bands_hz": [
      63,
      125,
      250,
      500,
      1000,
      2000,
      4000,
      8000
    ],
    "alpha": [
      0.01,
      0.04318832644760258,
      0.01,
      0.01,
      0.04104084836271835,
      0.01,
      0.01,
      0.0621053086229908
    ]
  },
  "My_Plasterboard_Ceiling": {
    "bands_hz": [
      63,
      125,
      250,
      500,
      1000,
      2000,
      4000,
      8000
    ],
    "alpha": [
      0.1939168933350353,
      0.01,
      0.12467488733815982,
      0.10754663283890908,
      0.08278194750426679,
      0.01,
      0.01,
      0.09757770032635422
    ]
  },
  "My_Solid_Core_Door": {
    "bands_hz": [
      63,
      125,
      250,
      500,
      1000,
      2000,
      4000,
      8000
    ],
    "alpha": [
      0.01,
      0.01,
      0.01,
      0.12097970571484201,
      0.01,
      0.01,
      0.01,
      0.01
    ]
  },
  "My_Timber_Platform_Dense": {
    "bands_hz": [
      63,
      125,
      250,
      500,
      1000,
      2000,
      4000,
      8000
    ],
    "alpha": [
      0.01,
      0.17036684925725337,
      0.01,
      0.01,
      0.01,
      0.01,
      0.01,
      0.03308840169061981
    ]
  },
  "My_Whiteboard_Gloss": {
    "bands_hz": [
      63,
      125,
      250,
      500,
      1000,
      2000,
      4000,
      8000
    ],
    "alpha": [
      0.01,
      0.06686263195999567,
      0.01,
      0.01,
      0.01,
      0.13655446842932503,
      0.12986376449056802,
      0.267002949975851
    ]
  }
}