{
  "alpha": {
    "My_Glass_10mm": {
      "bands_hz": [
        63,
        125,
        250,
        500,
        1000,
        2000,
        4000,
        8000
      ],
      "alpha": [
        0.01,
        0.04195077510125341,
        0.01,
        0.09789863754961248,
        0.3105424897606974,
        0.01,
        0.3412807780244609,
        0.01
      ]
    },
    "My_Linoleum_on_Slab": {
      "bands_hz": [
        63,
        125,
        250,
        500,
        1000,
        2000,
        4000,
        8000
      ],
      "alpha": [
        0.1903283860713478,
        0.01,
        0.01,
        0.01,
        0.01,
        0.1650943289065364,
        0.10847857719486571,
        0.11095302352414078
      ]
    },
    "My_Painted_Plasterboard": {
      "bands_hz": [
        63,
        125,
        250,
        500,
        1000,
        2000,
        4000,
        8000
      ],
      "alpha": [
        0.01,
        0.38920424741003223,
        0.36803913914767183,
        0.14633232102237426,
        0.3533296468793854,
        0.13510234234555896,
        0.01,
        0.03432649484140019
      ]
    },
    "My_Plasterboard_Ceiling": {
      "bands_hz": [
        63,
        125,
        250,
        500,
        1000,
        2000,
        4000,
        8000
      ],
      "alpha": [
        0.05404253447879094,
        0.01,
        0.10782157524247772,
        0.01,
        0.061920312200853936,
        0.1202679398758306,
        0.13579563159153862,
        0.01
      ]
    },
    "My_Solid_Core_Door": {
      "bands_hz": [
        63,
        125,
        250,
        500,
        1000,
        2000,
        4000,
        8000
      ],
      "alpha": [
        0.01,
        0.01,
        0.27519456359754524,
        0.01,
        0.01035780868757628,
        0.01,
        0.02454622570808509,
        0.01
      ]
    },
    "My_Timber_Platform_Dense": {
      "bands_hz": [
        63,
        125,
        250,
        500,
        1000,
        2000,
        4000,
        8000
      ],
      "alpha": [
        0.22244490656805924,
        0.011855493992536808,
        0.01,
        0.01,
        0.01,
        0.08369662687936472,
        0.16057429412448002,
        0.01
      ]
    },
    "My_Whiteboard_Gloss": {
      "bands_hz": [
        63,
        125,
        250,
        500,
        1000,
        2000,
        4000,
        8000
      ],
      "alpha": [
        0.31921274354946005,
        0.01,
        0.01,
        0.13866226319308866,
        0.1957713613219293,
        0.2993920150579402,
        0.04029111385347926,
        0.1628252404012795
      ]
    }
  },
  "scatter": {}
}