{
  "alpha": {
    "My_Glass_10mm": {
      "bands_hz": [
        63,
        125,
        250,
        500,
        1000,
        2000,
        4000,
        8000
      ],
      "alpha": [
        0.10462652447918194,
        0.01,
        0.12674898291320222,
        0.15432278314086487,
        0.1369917428979297,
        0.08818177373745327,
        0.05817267689862762,
        0.01
      ]
    },
    "My_Linoleum_on_Slab": {
      "bands_hz": [
        63,
        125,
        250,
        500,
        1000,
        2000,
        4000,
        8000
      ],
      "alpha": [
        0.07024925067707499,
        0.02923504435866992,
        0.01,
        0.04899806536085169,
        0.0669940674435339,
        0.01,
        0.013116039108164904,
        0.018338946240976046
      ]
    },
    "My_Painted_Plasterboard": {
      "bands_hz": [
        63,
        125,
        250,
        500,
        1000,
        2000,
        4000,
        8000
      ],
      "alpha": [
        0.056867345880856075,
        0.17301563534397837,
        0.11410149016609826,
        0.07253069022761509,
        0.01,
        0.01,
        0.019079940361384176,
        0.013545958084175792
      ]
    },
    "My_Plasterboard_Ceiling": {
      "bands_hz": [
        63,
        125,
        250,
        500,
        1000,
        2000,
        4000,
        8000
      ],
      "alpha": [
        0.21290416746653887,
        0.01,
        0.010616982610243464,
        0.0332306268862655,
        0.016408553977818215,
        0.06565088982204598,
        0.01,
        0.01
      ]
    },
    "My_Solid_Core_Door": {
      "bands_hz": [
        63,
        125,
        250,
        500,
        1000,
        2000,
        4000,
        8000
      ],
      "alpha": [
        0.01,
        0.01,
        0.01,
        0.01,
        0.019166342892953644,
        0.01,
        0.058391640167168316,
        0.19317210475444038
      ]
    },
    "My_Timber_Platform_Dense": {
      "bands_hz": [
        63,
        125,
        250,
        500,
        1000,
        2000,
        4000,
        8000
      ],
      "alpha": [
        0.046033189504294386,
        0.09883815215614095,
        0.07655212448889924,
        0.07004733805788288,
        0.01506585493372206,
        0.01,
        0.01,
        0.04249547145257612
      ]
    },
    "My_Whiteboard_Gloss": {
      "bands_hz": [
        63,
        125,
        250,
        500,
        1000,
        2000,
        4000,
        8000
      ],
      "alpha": [
        0.12251144878879132,
        0.04620180331896591,
        0.07258975931550413,
        0.06960898796672134,
        0.015493167669859538,
        0.0814124163275188,
        0.08640389286469205,
        0.037393901926782824
      ]
    }
  },
  "scatter": {}
}