{
  "alpha": {
    "My_Glass_10mm": {
      "bands_hz": [
        63,
        125,
        250,
        500,
        1000,
        2000,
        4000,
        8000
      ],
      "alpha": [
        0.13000258739576526,
        0.014057212433565686,
        0.01300153580990919,
        0.15529612165178266,
        0.04051859819234168,
        0.01,
        0.04043667767753435,
        0.021006573405899395
      ]
    },
    "My_Linoleum_on_Slab": {
      "bands_hz": [
        63,
        125,
        250,
        500,
        1000,
        2000,
        4000,
        8000
      ],
      "alpha": [
        0.0920388919981839,
        0.07501950910768919,
        0.05990918706052968,
        0.01,
        0.01,
        0.01,
        0.14088335442034425,
        0.05292977557398486
      ]
    },
    "My_Painted_Plasterboard": {
      "bands_hz": [
        63,
        125,
        250,
        500,
        1000,
        2000,
        4000,
        8000
      ],
      "alpha": [
        0.018556090454602304,
        0.165621737259538,
        0.1653352494417907,
        0.07114816942717887,
        0.06317217733380741,
        0.01,
        0.08028818832736988,
        0.01
      ]
    },
    "My_Plasterboard_Ceiling": {
      "bands_hz": [
        63,
        125,
        250,
        500,
        1000,
        2000,
        4000,
        8000
      ],
      "alpha": [
        0.011297418168383158,
        0.07701017510673559,
        0.01,
        0.19231508284897597,
        0.010000000000000002,
        0.17817617716874906,
        0.20264078014702414,
        0.01
      ]
    },
    "My_Solid_Core_Door": {
      "bands_hz": [
        63,
        125,
        250,
        500,
        1000,
        2000,
        4000,
        8000
      ],
      "alpha": [
        0.01,
        0.05266020976000644,
        0.03741070275467881,
        0.026389541647684547,
        0.01158559342953243,
        0.1001541007201247,
        0.09981551877183636,
        0.010173562547602667
      ]
    },
    "My_Timber_Platform_Dense": {
      "bands_hz": [
        63,
        125,
        250,
        500,
        1000,
        2000,
        4000,
        8000
      ],
      "alpha": [
        0.08691652024948007,
        0.040185575051607726,
        0.1570518785972589,
        0.010000000000000002,
        0.04640754163495386,
        0.18088599781122403,
        0.028777767413692673,
        0.010000000000000002
      ]
    },
    "My_Whiteboard_Gloss": {
      "bands_hz": [
        63,
        125,
        250,
        500,
        1000,
        2000,
        4000,
        8000
      ],
      "alpha": [
        0.0792409942126835,
        0.048988564759637386,
        0.06789231266741093,
        0.054074118313161765,
        0.027663745941652045,
        0.05541932507685131,
        0.17581693683205005,
        0.014970063065479006
      ]
    }
  },
  "scatter": {}
}