{
  "My_Glass_10mm": {
    "bands_hz": [
      63,
      125,
      250,
      500,
      1000,
      2000,
      4000,
      8000
    ],
    "alpha": [
      0.0847697569167499,
      0.06267542335411302,
      0.01,
      0.1611221612223709,
      0.09050163218815896,
      0.16144841142016253,
      0.24670227559275176,
      0.01
    ]
  },
  "My_Linoleum_on_Slab": {
    "bands_hz": [
      63,
      125,
      250,
      500,
      1000,
      2000,
      4000,
      8000
    ],
    "alpha": [
      0.13879545234824403,
      0.09985186079953887,
      0.012149946375256293,
      0.011412216169323423,
      0.04366953431886289,
      0.07977745827571203,
      0.06389797939326909,
      0.01
    ]
  },
  "My_Painted_Plasterboard": {
    "bands_hz": [
      63,
      125,
      250,
      500,
      1000,
      2000,
      4000,
      8000
    ],
    "alpha": [
      0.03689893690450308,
      0.15086104922298849,
      0.02254190525407386,
      0.053203106189153304,
      0.03194455450902074,
      0.03727993339748431,
      0.0604903775904137,
      0.010000000000000002
    ]
  },
  "My_Plasterboard_Ceiling": {
    "bands_hz": [
      63,
      125,
      250,
      500,
      1000,
      2000,
      4000,
      8000
    ],
    "alpha": [
      0.01,
      0.09709419160446754,
      0.05238452286614771,
      0.01,
      0.13202340774048568,
      0.026872914270090878,
      0.010000000000000002,
      0.15722097035752555
    ]
  },
  "My_Solid_Core_Door": {
    "bands_hz": [
      63,
      125,
      250,
      500,
      1000,
      2000,
      4000,
      8000
    ],
    "alpha": [
      0.01,
      0.06611399182968165,
      0.01,
      0.09577646959338548,
      0.06520386145894962,
      0.01475637662137285,
      0.03687672566758864,
      0.10955860450133187
    ]
  },
  "My_Timber_Platform_Dense": {
    "bands_hz": [
      63,
      125,
      250,
      500,
      1000,
      2000,
      4000,
      8000
    ],
    "alpha": [
      0.01,
      0.023473795116450737,
      0.03989798863770737,
      0.05565886086315701,
      0.11745519232553883,
      0.14366699305519023,
      0.24515541731024532,
      0.01
    ]
  },
  "My_Whiteboard_Gloss": {
    "bands_hz": [
      63,
      125,
      250,
      500,
      1000,
      2000,
      4000,
      8000
    ],
    "alpha": [
      0.06172339872617598,
      0.012943434234426746,
      0.01,
      0.051897867400381,
      0.15773875450541897,
      0.08835356424384541,
      0.04279023444373322,
      0.01
    ]
  }
}