{
  "alpha": {
    "My_Glass_10mm": {
      "bands_hz": [
        63,
        125,
        250,
        500,
        1000,
        2000,
        4000,
        8000
      ],
      "alpha": [
        0.0423026046319168,
        0.028881723933418504,
        0.12170829156056787,
        0.021135238746005022,
        0.014868657719111743,
        0.01,
        0.11259436361825419,
        0.09395710247033787
      ]
    },
    "My_Linoleum_on_Slab": {
      "bands_hz": [
        63,
        125,
        250,
        500,
        1000,
        2000,
        4000,
        8000
      ],
      "alpha": [
        0.1313394420687319,
        0.04618571227929527,
        0.01,
        0.19797359137176648,
        0.1458852830223638,
        0.01,
        0.01,
        0.17702514806719308
      ]
    },
    "My_Painted_Plasterboard": {
      "bands_hz": [
        63,
        125,
        250,
        500,
        1000,
        2000,
        4000,
        8000
      ],
      "alpha": [
        0.02677040337374593,
        0.01,
        0.10224116733133905,
        0.027214446031261857,
        0.11586396310031567,
        0.12825461725526255,
        0.05209270988826814,
        0.025420619351185683
      ]
    },
    "My_Plasterboard_Ceiling": {
      "bands_hz": [
        63,
        125,
        250,
        500,
        1000,
        2000,
        4000,
        8000
      ],
      "alpha": [
        0.01,
        0.08174783451252018,
        0.07751303828312131,
        0.01,
        0.01,
        0.20954764322478225,
        0.01,
        0.06951106373314792
      ]
    },
    "My_Solid_Core_Door": {
      "bands_hz": [
        63,
        125,
        250,
        500,
        1000,
        2000,
        4000,
        8000
      ],
      "alpha": [
        0.05888105664656338,
        0.1529674172355424,
        0.15649524938860565,
        0.01,
        0.11299913422135524,
        0.11361364104838997,
        0.01,
        0.10157193089966617
      ]
    },
    "My_Timber_Platform_Dense": {
      "bands_hz": [
        63,
        125,
        250,
        500,
        1000,
        2000,
        4000,
        8000
      ],
      "alpha": [
        0.01,
        0.01,
        0.15379673433748184,
        0.01,
        0.20077628988910096,
        0.01,
        0.01,
        0.01
      ]
    },
    "My_Whiteboard_Gloss": {
      "bands_hz": [
        63,
        125,
        250,
        500,
        1000,
        2000,
        4000,
        8000
      ],
      "alpha": [
        0.10192669573441558,
        0.01,
        0.08132309786033191,
        0.110020204394272,
        0.01,
        0.05413445835164006,
        0.10993255689873922,
        0.228746954154
      ]
    }
  },
  "scatter": {}
}