{
  "My_Plasterboard_Ceiling": {
    "bands_hz": [
      63,
      125,
      250,
      500,
      1000,
      2000,
      4000,
      8000
    ],
    "alpha": [
      0.0,
      0.01,
      0.04925199948891039,
      0.42056141251043366,
      0.42056141251043366,
      0.42056141251043366,
      0.42056141251043366,
      0.42056141251043366
    ]
  },
  "My_Painted_Plasterboard": {
    "bands_hz": [
      63,
      125,
      250,
      500,
      1000,
      2000,
      4000,
      8000
    ],
    "alpha": [
      0.01009018244571315,
      0.01009018244571315,
      0.20184437439454947,
      0.20184437439454947,
      0.20184437439454947,
      0.20184437439454947,
      0.20184437439454947,
      0.20184437439454947
    ]
  },
  "My_Glass_10mm": {
    "bands_hz": [
      63,
      125,
      250,
      500,
      1000,
      2000,
      4000,
      8000
    ],
    "alpha": [
      0.05182660673664325,
      0.05182660673664325,
      0.0829867571760181,
      0.1742309715587965,
      0.1742309715587965,
      0.1742309715587965,
      0.1742309715587965,
      0.1742309715587965
    ]
  },
  "My_Timber_Platform_Dense": {
    "bands_hz": [
      63,
      125,
      250,
      500,
      1000,
      2000,
      4000,
      8000
    ],
    "alpha": [
      0.2819116788257138,
      0.2819116788257138,
      0.2819116788257138,
      0.2819116788257138,
      0.2819116788257138,
      0.2819116788257138,
      0.2819116788257138,
      0.3273478075616951
    ]
  },
  "My_Solid_Core_Door": {
    "bands_hz": [
      63,
      125,
      250,
      500,
      1000,
      2000,
      4000,
      8000
    ],
    "alpha": [
      0.030550051315004892,
      0.030550051315004892,
      0.030550051315004892,
      0.030550051315004892,
      0.030550051315004892,
      0.19145779477061386,
      0.19145779477061386,
      0.21475328167815824
    ]
  },
  "My_Whiteboard_Gloss": {
    "bands_hz": [
      63,
      125,
      250,
      500,
      1000,
      2000,
      4000,
      8000
    ],
    "alpha": [
      0.1192511905050894,
      0.37659406917756555,
      0.37659406917756555,
      0.37659406917756555,
      0.37659406917756555,
      0.37659406917756555,
      0.37659406917756555,
      0.37659406917756555
    ]
  },
  "My_Linoleum_on_Slab": {
    "bands_hz": [
      63,
      125,
      250,
      500,
      1000,
      2000,
      4000,
      8000
    ],
    "alpha": [
      0.2692179799022984,
      0.2692179799022984,
      0.2692179799022984,
      0.2692179799022984,
      0.2692179799022984,
      0.2692179799022984,
      0.2692179799022984,
      0.2692179799022984
    ]
  }
}