{
  "My_Plasterboard_Ceiling": {
    "bands_hz": [
      63,
      125,
      250,
      500,
      1000,
      2000,
      4000,
      8000
    ],
    "alpha": [
      0.01,
      0.01,
      0.05625733832325474,
      0.17556190184733694,
      0.17556190184733694,
      0.17556190184733694,
      0.17556190184733694,
      0.17556190184733694
    ]
  },
  "My_Painted_Plasterboard": {
    "bands_hz": [
      63,
      125,
      250,
      500,
      1000,
      2000,
      4000,
      8000
    ],
    "alpha": [
      0.31331906218029526,
      0.31331906218029526,
      0.31331906218029526,
      0.31331906218029526,
      0.31331906218029526,
      0.31331906218029526,
      0.31331906218029526,
      0.31331906218029526
    ]
  },
  "My_Glass_10mm": {
    "bands_hz": [
      63,
      125,
      250,
      500,
      1000,
      2000,
      4000,
      8000
    ],
    "alpha": [
      0.01,
      0.01,
      0.01,
      0.16875177575940184,
      0.16875177575940184,
      0.16875177575940184,
      0.16875177575940184,
      0.16875177575940184
    ]
  },
  "My_Timber_Platform_Dense": {
    "bands_hz": [
      63,
      125,
      250,
      500,
      1000,
      2000,
      4000,
      8000
    ],
    "alpha": [
      0.217355460843548,
      0.217355460843548,
      0.217355460843548,
      0.217355460843548,
      0.217355460843548,
      0.217355460843548,
      0.217355460843548,
      0.217355460843548
    ]
  },
  "My_Solid_Core_Door": {
    "bands_hz": [
      63,
      125,
      250,
      500,
      1000,
      2000,
      4000,
      8000
    ],
    "alpha": [
      0.01,
      0.055287954411068305,
      0.055287954411068305,
      0.055287954411068305,
      0.055287954411068305,
      0.055287954411068305,
      0.055287954411068305,
      0.055287954411068305
    ]
  },
  "My_Whiteboard_Gloss": {
    "bands_hz": [
      63,
      125,
      250,
      500,
      1000,
      2000,
      4000,
      8000
    ],
    "alpha": [
      0.01,
      0.10516969653355793,
      0.32443140301116424,
      0.32443140301116424,
      0.32443140301116424,
      0.32443140301116424,
      0.32443140301116424,
      0.32443140301116424
    ]
  },
  "My_Linoleum_on_Slab": {
    "bands_hz": [
      63,
      125,
      250,
      500,
      1000,
      2000,
      4000,
      8000
    ],
    "alpha": [
      0.01,
      0.01,
      0.01,
      0.18253272617447638,
      0.18253272617447638,
      0.18253272617447638,
      0.18253272617447638,
      0.18253272617447638
    ]
  }
}