{
  "My_Glass_10mm": {
    "bands_hz": [
      63,
      125,
      250,
      500,
      1000,
      2000,
      4000,
      8000
    ],
    "alpha": [
      0.01,
      0.2654427251340642,
      0.0,
      0.0,
      0.3351062791140217,
      0.009073342456947313,
      0.0903216778420122,
      0.0
    ]
  },
  "My_Linoleum_on_Slab": {
    "bands_hz": [
      63,
      125,
      250,
      500,
      1000,
      2000,
      4000,
      8000
    ],
    "alpha": [
      0.01,
      0.01099222890330974,
      0.8126750613616294,
      0.05261464399782648,
      0.2745276528693366,
      0.40451471402338235,
      0.01,
      0.20494022826078076
    ]
  },
  "My_Painted_Plasterboard": {
    "bands_hz": [
      63,
      125,
      250,
      500,
      1000,
      2000,
      4000,
      8000
    ],
    "alpha": [
      0.07853929663035819,
      0.01,
      0.06781388138912259,
      0.4317197555739445,
      0.01,
      0.01,
      0.09589203387375739,
      0.01
    ]
  },
  "My_Plasterboard_Ceiling": {
    "bands_hz": [
      63,
      125,
      250,
      500,
      1000,
      2000,
      4000,
      8000
    ],
    "alpha": [
      0.01,
      0.43529692920849483,
      0.01,
      0.5038982843092165,
      0.6099423914027022,
      0.01,
      0.01,
      0.0
    ]
  },
  "My_Solid_Core_Door": {
    "bands_hz": [
      63,
      125,
      250,
      500,
      1000,
      2000,
      4000,
      8000
    ],
    "alpha": [
      0.01,
      0.0,
      0.27753079606518655,
      0.15571679231244073,
      0.01,
      0.01,
      0.01,
      0.28557480872266683
    ]
  },
  "My_Timber_Platform_Dense": {
    "bands_hz": [
      63,
      125,
      250,
      500,
      1000,
      2000,
      4000,
      8000
    ],
    "alpha": [
      0.0,
      0.13896688157647835,
      0.01707214598760244,
      0.0,
      0.2708703124263978,
      0.07223954491469613,
      0.20181238070933485,
      0.15158991041642045
    ]
  },
  "My_Whiteboard_Gloss": {
    "bands_hz": [
      63,
      125,
      250,
      500,
      1000,
      2000,
      4000,
      8000
    ],
    "alpha": [
      0.05666659559425771,
      0.0625682921280051,
      0.01,
      0.15437112475424308,
      0.01,
      0.10664324097389381,
      0.027854402944643575,
      0.14248862491052272
    ]
  }
}