{
  "alpha": {
    "My_Glass_10mm": {
      "bands_hz": [
        63,
        125,
        250,
        500,
        1000,
        2000,
        4000,
        8000
      ],
      "alpha": [
        0.18039841965900888,
        0.17226436043288426,
        0.27437058449692886,
        0.01,
        0.01,
        0.12423198181279603,
        0.0791404707714414,
        0.01
      ]
    },
    "My_Linoleum_on_Slab": {
      "bands_hz": [
        63,
        125,
        250,
        500,
        1000,
        2000,
        4000,
        8000
      ],
      "alpha": [
        0.01,
        0.01,
        0.01,
        0.23481250167429443,
        0.01,
        0.01,
        0.2030509774381562,
        0.5430693277569363
      ]
    },
    "My_Painted_Plasterboard": {
      "bands_hz": [
        63,
        125,
        250,
        500,
        1000,
        2000,
        4000,
        8000
      ],
      "alpha": [
        0.01,
        0.01,
        0.18858340929684209,
        0.01,
        0.11115850626315575,
        0.0726225766828733,
        0.07114453895748754,
        0.4944708426296621
      ]
    },
    "My_Plasterboard_Ceiling": {
      "bands_hz": [
        63,
        125,
        250,
        500,
        1000,
        2000,
        4000,
        8000
      ],
      "alpha": [
        0.31861645569922037,
        0.01,
        0.0798068783871606,
        0.2076544656901513,
        0.023230255860564333,
        0.24085383556543907,
        0.01,
        0.01
      ]
    },
    "My_Solid_Core_Door": {
      "bands_hz": [
        63,
        125,
        250,
        500,
        1000,
        2000,
        4000,
        8000
      ],
      "alpha": [
        0.01,
        0.37729788513307405,
        0.01,
        0.01,
        0.15598644216160906,
        0.01,
        0.01,
        0.08149228056315899
      ]
    },
    "My_Timber_Platform_Dense": {
      "bands_hz": [
        63,
        125,
        250,
        500,
        1000,
        2000,
        4000,
        8000
      ],
      "alpha": [
        0.04065443661442181,
        0.1628413860677987,
        0.01,
        0.09447057069556973,
        0.01,
        0.06720833359496711,
        0.1287123116112141,
        0.06521436775369323
      ]
    },
    "My_Whiteboard_Gloss": {
      "bands_hz": [
        63,
        125,
        250,
        500,
        1000,
        2000,
        4000,
        8000
      ],
      "alpha": [
        0.01,
        0.01,
        0.01,
        0.06181830574854573,
        0.01,
        0.1301100453931453,
        0.01,
        0.01
      ]
    }
  },
  "scatter": {}
}