{
  "My_Glass_10mm": {
    "bands_hz": [
      63,
      125,
      250,
      500,
      1000,
      2000,
      4000,
      8000
    ],
    "alpha": [
      0.13178485971573436,
      0.014080392372350259,
      0.014061642731614032,
      0.17073555677294078,
      0.041122999053772896,
      0.01,
      0.040689479428817184,
      0.01673978953472019
    ]
  },
  "My_Linoleum_on_Slab": {
    "bands_hz": [
      63,
      125,
      250,
      500,
      1000,
      2000,
      4000,
      8000
    ],
    "alpha": [
      0.01,
      0.010000000000000002,
      0.11326520929821127,
      0.02793076041500519,
      0.04620727188709904,
      0.012263158355943538,
      0.14219048044303548,
      0.05234464868378001
    ]
  },
  "My_Painted_Plasterboard": {
    "bands_hz": [
      63,
      125,
      250,
      500,
      1000,
      2000,
      4000,
      8000
    ],
    "alpha": [
      0.04651172305072664,
      0.15099032528399464,
      0.16533418901454927,
      0.06584682035202309,
      0.07459252828024743,
      0.01,
      0.02997697646595173,
      0.04365112317913472
    ]
  },
  "My_Plasterboard_Ceiling": {
    "bands_hz": [
      63,
      125,
      250,
      500,
      1000,
      2000,
      4000,
      8000
    ],
    "alpha": [
      0.010806517759777009,
      0.023464340632754314,
      0.025008924204872954,
      0.10133828425884672,
      0.010000000000000002,
      0.2639425227816036,
      0.03802129754227519,
      0.01
    ]
  },
  "My_Solid_Core_Door": {
    "bands_hz": [
      63,
      125,
      250,
      500,
      1000,
      2000,
      4000,
      8000
    ],
    "alpha": [
      0.01,
      0.04249455627856885,
      0.01,
      0.03701345204943453,
      0.0815154827507347,
      0.1263140304165118,
      0.09847842764389633,
      0.04060323826219454
    ]
  },
  "My_Timber_Platform_Dense": {
    "bands_hz": [
      63,
      125,
      250,
      500,
      1000,
      2000,
      4000,
      8000
    ],
    "alpha": [
      0.08672498405147781,
      0.04249336397470943,
      0.058613773174149876,
      0.010000000000000002,
      0.04664402723798333,
      0.01,
      0.01671558509121959,
      0.010000000000000004
    ]
  },
  "My_Whiteboard_Gloss": {
    "bands_hz": [
      63,
      125,
      250,
      500,
      1000,
      2000,
      4000,
      8000
    ],
    "alpha": [
      0.08641304532390501,
      0.12390166694839325,
      0.0495416234463771,
      0.012173595616363754,
      0.057964287905281325,
      0.02498541734493452,
      0.04017200769566198,
      0.04545064530897918
    ]
  }
}