{
  "alpha": {
    "My_Glass_10mm": {
      "bands_hz": [
        63,
        125,
        250,
        500,
        1000,
        2000,
        4000,
        8000
      ],
      "alpha": [
        0.03397128841368292,
        0.014055363077149594,
        0.020300885240129317,
        0.0,
        0.027718708173823263,
        0.0530331161020569,
        0.0,
        0.05889334289434918
      ]
    },
    "My_Linoleum_on_Slab": {
      "bands_hz": [
        63,
        125,
        250,
        500,
        1000,
        2000,
        4000,
        8000
      ],
      "alpha": [
        0.028262272063635352,
        0.0,
        0.016665747026853757,
        0.06558453178231408,
        0.050694670032795264,
        0.01347373411696793,
        0.08089083186502552,
        0.015840945089535347
      ]
    },
    "My_Painted_Plasterboard": {
      "bands_hz": [
        63,
        125,
        250,
        500,
        1000,
        2000,
        4000,
        8000
      ],
      "alpha": [
        0.0,
        0.03738195528550438,
        0.030967470503398983,
        0.0322240230136793,
        0.02014545860105931,
        0.027758884102850823,
        0.04984676123053106,
        0.012853936927589044
      ]
    },
    "My_Plasterboard_Ceiling": {
      "bands_hz": [
        63,
        125,
        250,
        500,
        1000,
        2000,
        4000,
        8000
      ],
      "alpha": [
        0.01076019756987558,
        0.0,
        0.013501379273776988,
        0.027434384570722156,
        0.07172131602543971,
        0.054862138019581536,
        0.035487286349495537,
        0.04132143062256327
      ]
    },
    "My_Solid_Core_Door": {
      "bands_hz": [
        63,
        125,
        250,
        500,
        1000,
        2000,
        4000,
        8000
      ],
      "alpha": [
        0.03699143620357516,
        0.023375537506427464,
        0.01569987473603065,
        0.0,
        0.012726243964721575,
        0.031525393980629375,
        0.013898311070045077,
        0.020941506117575295
      ]
    },
    "My_Timber_Platform_Dense": {
      "bands_hz": [
        63,
        125,
        250,
        500,
        1000,
        2000,
        4000,
        8000
      ],
      "alpha": [
        0.04448820880041805,
        0.021846822352389227,
        0.018106775264870804,
        0.0,
        0.08356645050413869,
        0.0,
        0.04623410748452573,
        0.02114839029236796
      ]
    },
    "My_Whiteboard_Gloss": {
      "bands_hz": [
        63,
        125,
        250,
        500,
        1000,
        2000,
        4000,
        8000
      ],
      "alpha": [
        0.027396490282893624,
        0.01808064097923339,
        0.08258133020646763,
        0.035467811005476545,
        0.042177438154830965,
        0.03288598776789142,
        0.013936957210719293,
        0.035889475101435156
      ]
    }
  },
  "scatter": {}
}