{
  "alpha": {
    "My_Glass_10mm": {
      "bands_hz": [
        63,
        125,
        250,
        500,
        1000,
        2000,
        4000,
        8000
      ],
      "alpha": [
        0.0399872529836914,
        0.17618445165157173,
        0.01,
        0.026617547052812548,
        0.14563466747081394,
        0.13259176420584123,
        0.01,
        0.04854946215027467
      ]
    },
    "My_Linoleum_on_Slab": {
      "bands_hz": [
        63,
        125,
        250,
        500,
        1000,
        2000,
        4000,
        8000
      ],
      "alpha": [
        0.11389343819502407,
        0.01,
        0.2038843064469247,
        0.03322212396939514,
        0.01,
        0.01,
        0.16678129455007673,
        0.01
      ]
    },
    "My_Painted_Plasterboard": {
      "bands_hz": [
        63,
        125,
        250,
        500,
        1000,
        2000,
        4000,
        8000
      ],
      "alpha": [
        0.20321493259211384,
        0.01,
        0.1306286877722559,
        0.11151826013247232,
        0.015773381504718225,
        0.017737183217494228,
        0.01,
        0.01
      ]
    },
    "My_Plasterboard_Ceiling": {
      "bands_hz": [
        63,
        125,
        250,
        500,
        1000,
        2000,
        4000,
        8000
      ],
      "alpha": [
        0.08257359513367152,
        0.16274809037924537,
        0.11651467654096734,
        0.01,
        0.10672293881601198,
        0.01,
        0.10689168938736981,
        0.01
      ]
    },
    "My_Solid_Core_Door": {
      "bands_hz": [
        63,
        125,
        250,
        500,
        1000,
        2000,
        4000,
        8000
      ],
      "alpha": [
        0.07032693619268092,
        0.02179510572528523,
        0.01,
        0.0664302469540592,
        0.12165860956009193,
        0.032995308064965236,
        0.1610570428118998,
        0.1102007335090639
      ]
    },
    "My_Timber_Platform_Dense": {
      "bands_hz": [
        63,
        125,
        250,
        500,
        1000,
        2000,
        4000,
        8000
      ],
      "alpha": [
        0.01,
        0.14411222638841376,
        0.01,
        0.01,
        0.108830974240631,
        0.016799103124134483,
        0.01,
        0.01
      ]
    },
    "My_Whiteboard_Gloss": {
      "bands_hz": [
        63,
        125,
        250,
        500,
        1000,
        2000,
        4000,
        8000
      ],
      "alpha": [
        0.09281874586920165,
        0.061735761961623885,
        0.15637384835978008,
        0.017022458350522747,
        0.15174037310821814,
        0.10177433527992458,
        0.11484656689670843,
        0.01
      ]
    }
  },
  "scatter": {}
}