{
  "My_Plasterboard_Ceiling": {
    "bands_hz": [
      63,
      125,
      250,
      500,
      1000,
      2000,
      4000,
      8000
    ],
    "alpha": [
      0.0,
      0.06046183480099662,
      0.06046183480099662,
      0.08912982380188117,
      0.08912982380188117,
      0.08912982380188117,
      0.09628875205682615,
      0.09628875205682615
    ]
  },
  "My_Painted_Plasterboard": {
    "bands_hz": [
      63,
      125,
      250,
      500,
      1000,
      2000,
      4000,
      8000
    ],
    "alpha": [
      0.0,
      0.04412084709421812,
      0.05375920448142675,
      0.05375920448142675,
      0.18568878126441055,
      0.18568878126441055,
      0.18568878126441055,
      0.18568878126441055
    ]
  },
  "My_Glass_10mm": {
    "bands_hz": [
      63,
      125,
      250,
      500,
      1000,
      2000,
      4000,
      8000
    ],
    "alpha": [
      0.0,
      0.05269626828172512,
      0.05269626828172512,
      0.0951555204945287,
      0.116720433503293,
      0.116720433503293,
      0.116720433503293,
      0.116720433503293
    ]
  },
  "My_Timber_Platform_Dense": {
    "bands_hz": [
      63,
      125,
      250,
      500,
      1000,
      2000,
      4000,
      8000
    ],
    "alpha": [
      0.042091314615148985,
      0.10368170875097402,
      0.12951940274336832,
      0.12951940274336832,
      0.12951940274336832,
      0.12951940274336832,
      0.12951940274336832,
      0.12951940274336832
    ]
  },
  "My_Solid_Core_Door": {
    "bands_hz": [
      63,
      125,
      250,
      500,
      1000,
      2000,
      4000,
      8000
    ],
    "alpha": [
      0.0,
      0.22109388726192794,
      0.22109388726192794,
      0.22109388726192794,
      0.22109388726192794,
      0.22109388726192794,
      0.22109388726192794,
      0.22109388726192794
    ]
  },
  "My_Whiteboard_Gloss": {
    "bands_hz": [
      63,
      125,
      250,
      500,
      1000,
      2000,
      4000,
      8000
    ],
    "alpha": [
      0.0894838533945618,
      0.0894838533945618,
      0.1796290154752914,
      0.1796290154752914,
      0.1796290154752914,
      0.21502660309034702,
      0.21502660309034702,
      0.22723517365987456
    ]
  },
  "My_Linoleum_on_Slab": {
    "bands_hz": [
      63,
      125,
      250,
      500,
      1000,
      2000,
      4000,
      8000
    ],
    "alpha": [
      0.0,
      0.10446991496984058,
      0.10446991496984058,
      0.10446991496984058,
      0.10446991496984058,
      0.1234284219527851,
      0.1234284219527851,
      0.1234284219527851
    ]
  }
}