{
  "stage": "A",
  "gen": 2,
  "best_loss": 0.034462,
  "payload": {
    "My_Glass_10mm": {
      "bands_hz": [
        63,
        125,
        250,
        500,
        1000,
        2000,
        4000,
        8000
      ],
      "alpha": [
        0.15232050747002615,
        0.01,
        0.01,
        0.09093185771273093,
        0.04043731093854936,
        0.01,
        0.04061032845851319,
        0.023745645013069916
      ]
    },
    "My_Linoleum_on_Slab": {
      "bands_hz": [
        63,
        125,
        250,
        500,
        1000,
        2000,
        4000,
        8000
      ],
      "alpha": [
        0.1637581970044234,
        0.01,
        0.10207129524011146,
        0.010000000000000002,
        0.08782387300531425,
        0.02898025231158307,
        0.14110737267267703,
        0.05265861505389678
      ]
    },
    "My_Painted_Plasterboard": {
      "bands_hz": [
        63,
        125,
        250,
        500,
        1000,
        2000,
        4000,
        8000
      ],
      "alpha": [
        0.04373707551848177,
        0.13934753246184392,
        0.1653092536465176,
        0.0969022863731642,
        0.059244698230153034,
        0.060927092053099464,
        0.019808818172050782,
        0.01824752924079374
      ]
    },
    "My_Plasterboard_Ceiling": {
      "bands_hz": [
        63,
        125,
        250,
        500,
        1000,
        2000,
        4000,
        8000
      ],
      "alpha": [
        0.01,
        0.01,
        0.010000000000000002,
        0.0863397366394588,
        0.010000000000000002,
        0.17681996096806074,
        0.07258636110101889,
        0.01
      ]
    },
    "My_Solid_Core_Door": {
      "bands_hz": [
        63,
        125,
        250,
        500,
        1000,
        2000,
        4000,
        8000
      ],
      "alpha": [
        0.01,
        0.052175544296834415,
        0.01,
        0.03385933994022016,
        0.01,
        0.08253081390029875,
        0.0718661796105247,
        0.012050946724762982
      ]
    },
    "My_Timber_Platform_Dense": {
      "bands_hz": [
        63,
        125,
        250,
        500,
        1000,
        2000,
        4000,
        8000
      ],
      "alpha": [
        0.08674851392151034,
        0.043616151929764556,
        0.16531111799658768,
        0.010000000000000002,
        0.04648588921376397,
        0.010000000000000002,
        0.010000000000000002,
        0.010000000000000002
      ]
    },
    "My_Whiteboard_Gloss": {
      "bands_hz": [
        63,
        125,
        250,
        500,
        1000,
        2000,
        4000,
        8000
      ],
      "alpha": [
        0.07473695877686395,
        0.058447690929341524,
        0.0678124958795898,
        0.01935573946039044,
        0.02757072301364022,
        0.059830395034654496,
        0.03761678743913385,
        0.01
      ]
    }
  },
  "timestamp": "2025-11-19 22:43:38"
}