{
  "stage": "A",
  "gen": 1,
  "best_loss": 0.057083,
  "payload": {
    "My_Glass_10mm": {
      "bands_hz": [
        63,
        125,
        250,
        500,
        1000,
        2000,
        4000,
        8000
      ],
      "alpha": [
        0.01,
        0.021522383023871418,
        0.01,
        0.11796965627603026,
        0.04726415309663286,
        0.07887031723081003,
        0.01,
        0.08472710637824474
      ]
    },
    "My_Linoleum_on_Slab": {
      "bands_hz": [
        63,
        125,
        250,
        500,
        1000,
        2000,
        4000,
        8000
      ],
      "alpha": [
        0.01,
        0.01,
        0.011412714656926302,
        0.14281364817831138,
        0.11526594317842566,
        0.01,
        0.017500477880592516,
        0.15824559113538875
      ]
    },
    "My_Painted_Plasterboard": {
      "bands_hz": [
        63,
        125,
        250,
        500,
        1000,
        2000,
        4000,
        8000
      ],
      "alpha": [
        0.01,
        0.01,
        0.14720923986025286,
        0.19158787367007007,
        0.07125737465921803,
        0.01,
        0.01,
        0.01
      ]
    },
    "My_Plasterboard_Ceiling": {
      "bands_hz": [
        63,
        125,
        250,
        500,
        1000,
        2000,
        4000,
        8000
      ],
      "alpha": [
        0.07733351797880289,
        0.012337795776199922,
        0.01,
        0.11276762151142532,
        0.01,
        0.13945894198173298,
        0.0625762277841114,
        0.29440037459065344
      ]
    },
    "My_Solid_Core_Door": {
      "bands_hz": [
        63,
        125,
        250,
        500,
        1000,
        2000,
        4000,
        8000
      ],
      "alpha": [
        0.12413321169435038,
        0.05613051878484489,
        0.07152958037206583,
        0.01,
        0.01,
        0.0625103241398948,
        0.016265021367548083,
        0.14990001356936455
      ]
    },
    "My_Timber_Platform_Dense": {
      "bands_hz": [
        63,
        125,
        250,
        500,
        1000,
        2000,
        4000,
        8000
      ],
      "alpha": [
        0.06438855783942524,
        0.03522277483010568,
        0.01213803269996298,
        0.01,
        0.12506588581856554,
        0.21040387415080683,
        0.21728097445285205,
        0.01
      ]
    },
    "My_Whiteboard_Gloss": {
      "bands_hz": [
        63,
        125,
        250,
        500,
        1000,
        2000,
        4000,
        8000
      ],
      "alpha": [
        0.04238404145933557,
        0.1309555607445125,
        0.19669985468526677,
        0.13016378953002095,
        0.01,
        0.07930912136398743,
        0.19354144189276878,
        0.09991935173301462
      ]
    }
  },
  "timestamp": "2025-11-19 21:34:51"
}