{
  "My_Glass_10mm": {
    "bands_hz": [
      63,
      125,
      250,
      500,
      1000,
      2000,
      4000,
      8000
    ],
    "alpha": [
      0.01,
      0.01,
      0.3453495725076805,
      0.11460149180805486,
      0.01,
      0.11069257110982406,
      0.12039928127622596,
      0.01
    ]
  },
  "My_Linoleum_on_Slab": {
    "bands_hz": [
      63,
      125,
      250,
      500,
      1000,
      2000,
      4000,
      8000
    ],
    "alpha": [
      0.3077402298197175,
      0.10982922174566698,
      0.03173980963112523,
      0.2952564807849214,
      0.17390490119963098,
      0.07158866070304692,
      0.01,
      0.07835856545511945
    ]
  },
  "My_Painted_Plasterboard": {
    "bands_hz": [
      63,
      125,
      250,
      500,
      1000,
      2000,
      4000,
      8000
    ],
    "alpha": [
      0.010420134831263226,
      0.01,
      0.27124147366368473,
      0.13371983019781875,
      0.15124050931364913,
      0.01,
      0.01,
      0.01
    ]
  },
  "My_Plasterboard_Ceiling": {
    "bands_hz": [
      63,
      125,
      250,
      500,
      1000,
      2000,
      4000,
      8000
    ],
    "alpha": [
      0.0254695008941099,
      0.01,
      0.05283106958875029,
      0.13141336936080455,
      0.01,
      0.026558215646611615,
      0.29971588728115073,
      0.20419092764007796
    ]
  },
  "My_Solid_Core_Door": {
    "bands_hz": [
      63,
      125,
      250,
      500,
      1000,
      2000,
      4000,
      8000
    ],
    "alpha": [
      0.13778293784404072,
      0.01,
      0.01,
      0.060779887663621426,
      0.2488935762021207,
      0.01,
      0.017165288531262153,
      0.01
    ]
  },
  "My_Timber_Platform_Dense": {
    "bands_hz": [
      63,
      125,
      250,
      500,
      1000,
      2000,
      4000,
      8000
    ],
    "alpha": [
      0.07858967636510483,
      0.08708818402171242,
      0.0146026934433818,
      0.01,
      0.12205320589903289,
      0.40473800169984075,
      0.04169763576563011,
      0.27950208028486623
    ]
  },
  "My_Whiteboard_Gloss": {
    "bands_hz": [
      63,
      125,
      250,
      500,
      1000,
      2000,
      4000,
      8000
    ],
    "alpha": [
      0.10653809385894128,
      0.3306141421322063,
      0.24530581797909182,
      0.01,
      0.01,
      0.3126895090893449,
      0.10605613107853695,
      0.2729363864003328
    ]
  }
}