{
  "alpha": {
    "My_Glass_10mm": {
      "bands_hz": [
        63,
        125,
        250,
        500,
        1000,
        2000,
        4000,
        8000
      ],
      "alpha": [
        0.012175599424247757,
        0.397923806053125,
        0.0982662427103515,
        0.2331427590525211,
        0.08433380523443103,
        0.06875861085385629,
        0.36854003564128246,
        0.07330582460241507
      ]
    },
    "My_Linoleum_on_Slab": {
      "bands_hz": [
        63,
        125,
        250,
        500,
        1000,
        2000,
        4000,
        8000
      ],
      "alpha": [
        0.01,
        0.02270362913490709,
        0.03572894483658315,
        0.01,
        0.0757063916373207,
        0.08433221412935786,
        0.01,
        0.01
      ]
    },
    "My_Painted_Plasterboard": {
      "bands_hz": [
        63,
        125,
        250,
        500,
        1000,
        2000,
        4000,
        8000
      ],
      "alpha": [
        0.01,
        0.10742426083287035,
        0.2946781069561981,
        0.01796341134435598,
        0.5495144752126302,
        0.178640565959553,
        0.03861198935957052,
        0.01
      ]
    },
    "My_Plasterboard_Ceiling": {
      "bands_hz": [
        63,
        125,
        250,
        500,
        1000,
        2000,
        4000,
        8000
      ],
      "alpha": [
        0.01,
        0.01,
        0.25617053066927353,
        0.01,
        0.1934861969805442,
        0.01,
        0.3689446503269289,
        0.2124794734347194
      ]
    },
    "My_Solid_Core_Door": {
      "bands_hz": [
        63,
        125,
        250,
        500,
        1000,
        2000,
        4000,
        8000
      ],
      "alpha": [
        0.07677420032090027,
        0.01,
        0.268413808907732,
        0.2693928702927144,
        0.08513977813513604,
        0.33568130888260206,
        0.08368028882665907,
        0.11484667585025049
      ]
    },
    "My_Timber_Platform_Dense": {
      "bands_hz": [
        63,
        125,
        250,
        500,
        1000,
        2000,
        4000,
        8000
      ],
      "alpha": [
        0.2985563138973739,
        0.01,
        0.10492290514189019,
        0.07672226347639285,
        0.161046931194729,
        0.6183883690720663,
        0.26549433716602844,
        0.15098017374638803
      ]
    },
    "My_Whiteboard_Gloss": {
      "bands_hz": [
        63,
        125,
        250,
        500,
        1000,
        2000,
        4000,
        8000
      ],
      "alpha": [
        0.01,
        0.01,
        0.29158884278021757,
        0.01,
        0.06943801525833139,
        0.01,
        0.018756749670259875,
        0.03861842427249254
      ]
    }
  },
  "scatter": {}
}