{
  "My_Glass_10mm": {
    "bands_hz": [
      63,
      125,
      250,
      500,
      1000,
      2000,
      4000,
      8000
    ],
    "alpha": [
      0.05182660673664325,
      0.0,
      0.0829867571760181,
      0.1742309715587965,
      0.07407331121263158,
      0.0,
      0.13679038894844134,
      0.009999999999999998
    ]
  },
  "My_Linoleum_on_Slab": {
    "bands_hz": [
      63,
      125,
      250,
      500,
      1000,
      2000,
      4000,
      8000
    ],
    "alpha": [
      0.2692179799022984,
      0.05802239969775928,
      0.08355141921458743,
      0.2472046921488699,
      0.0,
      0.24093425499363863,
      0.09744539211542547,
      0.0
    ]
  },
  "My_Painted_Plasterboard": {
    "bands_hz": [
      63,
      125,
      250,
      500,
      1000,
      2000,
      4000,
      8000
    ],
    "alpha": [
      0.01009018244571315,
      0.009999999999999998,
      0.20184437439454947,
      0.08183567466173122,
      0.0,
      0.20007141048851146,
      0.009999999999999998,
      0.009999999999999998
    ]
  },
  "My_Plasterboard_Ceiling": {
    "bands_hz": [
      63,
      125,
      250,
      500,
      1000,
      2000,
      4000,
      8000
    ],
    "alpha": [
      0.0,
      0.01,
      0.04925199948891039,
      0.42056141251043366,
      0.01,
      0.011455506362779878,
      0.2763634847007879,
      0.24420869803654494
    ]
  },
  "My_Solid_Core_Door": {
    "bands_hz": [
      63,
      125,
      250,
      500,
      1000,
      2000,
      4000,
      8000
    ],
    "alpha": [
      0.030550051315004892,
      0.0193105242449668,
      0.0016571561261688617,
      0.01472493538632754,
      0.0,
      0.19145779477061386,
      0.14001185229519908,
      0.21475328167815824
    ]
  },
  "My_Timber_Platform_Dense": {
    "bands_hz": [
      63,
      125,
      250,
      500,
      1000,
      2000,
      4000,
      8000
    ],
    "alpha": [
      0.2819116788257138,
      0.2421323660993498,
      0.008776910474879475,
      0.0,
      0.12161170428540363,
      0.060655139254902964,
      0.18211230063661019,
      0.3273478075616951
    ]
  },
  "My_Whiteboard_Gloss": {
    "bands_hz": [
      63,
      125,
      250,
      500,
      1000,
      2000,
      4000,
      8000
    ],
    "alpha": [
      0.1192511905050894,
      0.37659406917756555,
      0.0260329748544334,
      0.01,
      0.12688367170136516,
      0.08166384229691523,
      0.0,
      0.08804036663205825
    ]
  }
}