{
  "alpha": {
    "My_Glass_10mm": {
      "bands_hz": [
        63,
        125,
        250,
        500,
        1000,
        2000,
        4000,
        8000
      ],
      "alpha": [
        0.07944362570353403,
        0.1408222518506236,
        0.01,
        0.15926305019455686,
        0.0907026159499127,
        0.17809470144712464,
        0.114364785766217,
        0.01
      ]
    },
    "My_Linoleum_on_Slab": {
      "bands_hz": [
        63,
        125,
        250,
        500,
        1000,
        2000,
        4000,
        8000
      ],
      "alpha": [
        0.11740611124471387,
        0.14024262456139408,
        0.01,
        0.01,
        0.0363806293098993,
        0.13683043781976956,
        0.11412479329170211,
        0.03368627718581919
      ]
    },
    "My_Painted_Plasterboard": {
      "bands_hz": [
        63,
        125,
        250,
        500,
        1000,
        2000,
        4000,
        8000
      ],
      "alpha": [
        0.036503016037640716,
        0.1499444100633623,
        0.027536196880797118,
        0.07706998506237944,
        0.07093299894370926,
        0.07140902453202642,
        0.11587574215932993,
        0.010000000000000002
      ]
    },
    "My_Plasterboard_Ceiling": {
      "bands_hz": [
        63,
        125,
        250,
        500,
        1000,
        2000,
        4000,
        8000
      ],
      "alpha": [
        0.01,
        0.033972295842651615,
        0.033268070705941226,
        0.01,
        0.0704350761092347,
        0.04543211155135606,
        0.24793798068732026,
        0.1196800001416193
      ]
    },
    "My_Solid_Core_Door": {
      "bands_hz": [
        63,
        125,
        250,
        500,
        1000,
        2000,
        4000,
        8000
      ],
      "alpha": [
        0.01,
        0.07133836727054871,
        0.01,
        0.09536514045389059,
        0.01,
        0.029904776049673322,
        0.07756135115061573,
        0.08619193446865146
      ]
    },
    "My_Timber_Platform_Dense": {
      "bands_hz": [
        63,
        125,
        250,
        500,
        1000,
        2000,
        4000,
        8000
      ],
      "alpha": [
        0.15394432860030885,
        0.021153961396537437,
        0.01,
        0.14816150701740607,
        0.016862641507927018,
        0.06366933521754538,
        0.05962350918265202,
        0.014899260504153564
      ]
    },
    "My_Whiteboard_Gloss": {
      "bands_hz": [
        63,
        125,
        250,
        500,
        1000,
        2000,
        4000,
        8000
      ],
      "alpha": [
        0.05830783235135221,
        0.02234913505247882,
        0.14916558539392266,
        0.06414996597716266,
        0.01,
        0.14733842536021985,
        0.14919919059223097,
        0.01
      ]
    }
  },
  "scatter": {}
}