{
  "alpha": {
    "My_Glass_10mm": {
      "bands_hz": [
        63,
        125,
        250,
        500,
        1000,
        2000,
        4000,
        8000
      ],
      "alpha": [
        0.08520407849851502,
        0.01,
        0.04167858907004586,
        0.05599963045216211,
        0.04043731093854936,
        0.01,
        0.04061032845851319,
        0.023745645013069916
      ]
    },
    "My_Linoleum_on_Slab": {
      "bands_hz": [
        63,
        125,
        250,
        500,
        1000,
        2000,
        4000,
        8000
      ],
      "alpha": [
        0.1504052645646101,
        0.06683681694397357,
        0.07549035943216448,
        0.010000000000000002,
        0.01,
        0.014280186842212928,
        0.14110737267267703,
        0.032577128436937774
      ]
    },
    "My_Painted_Plasterboard": {
      "bands_hz": [
        63,
        125,
        250,
        500,
        1000,
        2000,
        4000,
        8000
      ],
      "alpha": [
        0.03813193192278171,
        0.13934753246184392,
        0.1653092536465176,
        0.09690228637316421,
        0.04253298185934234,
        0.01,
        0.07163560596563441,
        0.016243101507133494
      ]
    },
    "My_Plasterboard_Ceiling": {
      "bands_hz": [
        63,
        125,
        250,
        500,
        1000,
        2000,
        4000,
        8000
      ],
      "alpha": [
        0.01,
        0.08838205839594118,
        0.01,
        0.22341201084229234,
        0.01,
        0.17681996096806074,
        0.2046451526740779,
        0.01
      ]
    },
    "My_Solid_Core_Door": {
      "bands_hz": [
        63,
        125,
        250,
        500,
        1000,
        2000,
        4000,
        8000
      ],
      "alpha": [
        0.01,
        0.052175544296834415,
        0.06835413698375672,
        0.03385933994022016,
        0.011479697957270323,
        0.08072469388794305,
        0.0718661796105247,
        0.01
      ]
    },
    "My_Timber_Platform_Dense": {
      "bands_hz": [
        63,
        125,
        250,
        500,
        1000,
        2000,
        4000,
        8000
      ],
      "alpha": [
        0.08674851392151034,
        0.043616151929764556,
        0.13518148524229542,
        0.010000000000000002,
        0.04648588921376397,
        0.16721227443080147,
        0.01,
        0.010000000000000002
      ]
    },
    "My_Whiteboard_Gloss": {
      "bands_hz": [
        63,
        125,
        250,
        500,
        1000,
        2000,
        4000,
        8000
      ],
      "alpha": [
        0.07473695877686395,
        0.05844769092934153,
        0.01,
        0.05870683710037477,
        0.02757072301364022,
        0.04698402201593781,
        0.150945435956012,
        0.01
      ]
    }
  },
  "scatter": {}
}