{
  "alpha": {
    "My_Glass_10mm": {
      "bands_hz": [
        63,
        125,
        250,
        500,
        1000,
        2000,
        4000,
        8000
      ],
      "alpha": [
        0.2832640304275491,
        0.25884617261877263,
        0.12819688314647265,
        0.01,
        0.17035386858506982,
        0.4052955842179935,
        0.01,
        0.24683540596501088
      ]
    },
    "My_Linoleum_on_Slab": {
      "bands_hz": [
        63,
        125,
        250,
        500,
        1000,
        2000,
        4000,
        8000
      ],
      "alpha": [
        0.03749779348712176,
        0.19903200459602333,
        0.01,
        0.19093907762595932,
        0.13359728511997426,
        0.03484854628775702,
        0.01,
        0.01
      ]
    },
    "My_Painted_Plasterboard": {
      "bands_hz": [
        63,
        125,
        250,
        500,
        1000,
        2000,
        4000,
        8000
      ],
      "alpha": [
        0.01,
        0.27102197658303834,
        0.22183785192389863,
        0.1092933499830817,
        0.3091625316326656,
        0.04512779956980491,
        0.09203256058674916,
        0.264702403123858
      ]
    },
    "My_Plasterboard_Ceiling": {
      "bands_hz": [
        63,
        125,
        250,
        500,
        1000,
        2000,
        4000,
        8000
      ],
      "alpha": [
        0.01,
        0.01,
        0.01,
        0.01,
        0.01,
        0.3243733684131679,
        0.01,
        0.3821713035857759
      ]
    },
    "My_Solid_Core_Door": {
      "bands_hz": [
        63,
        125,
        250,
        500,
        1000,
        2000,
        4000,
        8000
      ],
      "alpha": [
        0.01,
        0.2210574670472375,
        0.01,
        0.017518992229655108,
        0.28128965084620583,
        0.01,
        0.01,
        0.10680806944263184
      ]
    },
    "My_Timber_Platform_Dense": {
      "bands_hz": [
        63,
        125,
        250,
        500,
        1000,
        2000,
        4000,
        8000
      ],
      "alpha": [
        0.01,
        0.34594376944986827,
        0.2911788806501342,
        0.01,
        0.16638751456940185,
        0.024125833962409155,
        0.08767778134546987,
        0.264192757021261
      ]
    },
    "My_Whiteboard_Gloss": {
      "bands_hz": [
        63,
        125,
        250,
        500,
        1000,
        2000,
        4000,
        8000
      ],
      "alpha": [
        0.13819701517954852,
        0.3071124914676009,
        0.041842846505796734,
        0.1406805815441169,
        0.01,
        0.18256446368911225,
        0.036043861137175184,
        0.29955616310437105
      ]
    }
  },
  "scatter": {}
}