{
  "alpha": {
    "My_Glass_10mm": {
      "bands_hz": [
        63,
        125,
        250,
        500,
        1000,
        2000,
        4000,
        8000
      ],
      "alpha": [
        0.0,
        0.025416615965342462,
        0.06678093631986862,
        0.022013085564673136,
        0.06947293635574378,
        0.01673113326796235,
        0.02648871958415748,
        0.04764278045714752
      ]
    },
    "My_Linoleum_on_Slab": {
      "bands_hz": [
        63,
        125,
        250,
        500,
        1000,
        2000,
        4000,
        8000
      ],
      "alpha": [
        0.006321642885069919,
        0.0,
        0.05825527387219377,
        0.0,
        0.04471361854251228,
        0.014276950287707424,
        0.011728616759655783,
        0.06052141358880046
      ]
    },
    "My_Painted_Plasterboard": {
      "bands_hz": [
        63,
        125,
        250,
        500,
        1000,
        2000,
        4000,
        8000
      ],
      "alpha": [
        0.0,
        0.0523708329633073,
        0.02216906162552674,
        0.04464431233856508,
        0.06720535578785103,
        0.022025319544917172,
        0.0,
        0.035625573731202696
      ]
    },
    "My_Plasterboard_Ceiling": {
      "bands_hz": [
        63,
        125,
        250,
        500,
        1000,
        2000,
        4000,
        8000
      ],
      "alpha": [
        0.007929819389967247,
        0.047944652223376794,
        0.0,
        0.012441394443775473,
        0.023312437611899828,
        0.008642503480993154,
        0.09109832572030255,
        0.052513072371167174
      ]
    },
    "My_Solid_Core_Door": {
      "bands_hz": [
        63,
        125,
        250,
        500,
        1000,
        2000,
        4000,
        8000
      ],
      "alpha": [
        0.07041430777973631,
        0.0,
        0.047564771026595294,
        0.006301995803397124,
        0.0,
        0.04612597003614233,
        0.02266162529149121,
        0.023521572225240907
      ]
    },
    "My_Timber_Platform_Dense": {
      "bands_hz": [
        63,
        125,
        250,
        500,
        1000,
        2000,
        4000,
        8000
      ],
      "alpha": [
        0.024269367403557597,
        0.01149708086052785,
        0.031180889959279777,
        0.060668547437607565,
        0.0,
        0.047159625275198236,
        0.023825523577230175,
        0.0396013248464647
      ]
    },
    "My_Whiteboard_Gloss": {
      "bands_hz": [
        63,
        125,
        250,
        500,
        1000,
        2000,
        4000,
        8000
      ],
      "alpha": [
        0.0,
        0.007455398167117839,
        0.04900468053858882,
        0.015297711068064148,
        0.0585758955226366,
        0.007823181353022023,
        0.0412330983953851,
        0.0
      ]
    }
  },
  "scatter": {}
}