{
  "My_Glass_10mm": {
    "bands_hz": [
      63,
      125,
      250,
      500,
      1000,
      2000,
      4000,
      8000
    ],
    "alpha": [
      0.11473087174577211,
      0.020610015861640036,
      0.01,
      0.11884320227989943,
      0.04499411637772089,
      0.057149020484777505,
      0.03559993890357519,
      0.015086415390674672
    ]
  },
  "My_Linoleum_on_Slab": {
    "bands_hz": [
      63,
      125,
      250,
      500,
      1000,
      2000,
      4000,
      8000
    ],
    "alpha": [
      0.01,
      0.01,
      0.05741864366865244,
      0.058766240655523744,
      0.11728178192229688,
      0.02428125958490628,
      0.16512811402014832,
      0.03552479096662445
    ]
  },
  "My_Painted_Plasterboard": {
    "bands_hz": [
      63,
      125,
      250,
      500,
      1000,
      2000,
      4000,
      8000
    ],
    "alpha": [
      0.01657732009809955,
      0.01,
      0.16435265718948333,
      0.10364094563186337,
      0.07477905201774646,
      0.01,
      0.02340197030093613,
      0.016431949293087424
    ]
  },
  "My_Plasterboard_Ceiling": {
    "bands_hz": [
      63,
      125,
      250,
      500,
      1000,
      2000,
      4000,
      8000
    ],
    "alpha": [
      0.08657365458937152,
      0.019506204751297555,
      0.010000000000000002,
      0.1059079108278867,
      0.01,
      0.1412804319103582,
      0.06683466129281561,
      0.01
    ]
  },
  "My_Solid_Core_Door": {
    "bands_hz": [
      63,
      125,
      250,
      500,
      1000,
      2000,
      4000,
      8000
    ],
    "alpha": [
      0.13678095427171025,
      0.05501199696755994,
      0.06575831536760592,
      0.012748153686010582,
      0.01,
      0.07655616162548666,
      0.035475724391187735,
      0.11642979029660992
    ]
  },
  "My_Timber_Platform_Dense": {
    "bands_hz": [
      63,
      125,
      250,
      500,
      1000,
      2000,
      4000,
      8000
    ],
    "alpha": [
      0.08424806969648006,
      0.03319802686476323,
      0.01,
      0.010000000000000002,
      0.0406369531072999,
      0.016639562202209267,
      0.24788211122951248,
      0.01
    ]
  },
  "My_Whiteboard_Gloss": {
    "bands_hz": [
      63,
      125,
      250,
      500,
      1000,
      2000,
      4000,
      8000
    ],
    "alpha": [
      0.04017791824204807,
      0.08850311108608303,
      0.21336576913549105,
      0.0687600866318892,
      0.02701152343180115,
      0.06495637638125654,
      0.01613401688836366,
      0.05363373579695638
    ]
  }
}