{
  "alpha": {
    "My_Glass_10mm": {
      "bands_hz": [
        63,
        125,
        250,
        500,
        1000,
        2000,
        4000,
        8000
      ],
      "alpha": [
        0.0,
        0.0,
        0.06433306134365434,
        0.0,
        0.0,
        0.0,
        0.09251325892064066,
        0.0
      ]
    },
    "My_Linoleum_on_Slab": {
      "bands_hz": [
        63,
        125,
        250,
        500,
        1000,
        2000,
        4000,
        8000
      ],
      "alpha": [
        0.14425840800194034,
        0.05153326527572054,
        0.0,
        0.06158736203531211,
        0.061714069168392297,
        0.0677553880063889,
        0.09206397795633524,
        0.0
      ]
    },
    "My_Painted_Plasterboard": {
      "bands_hz": [
        63,
        125,
        250,
        500,
        1000,
        2000,
        4000,
        8000
      ],
      "alpha": [
        0.0,
        0.05905093133121962,
        0.0,
        0.10850593232932546,
        0.021786780781393678,
        0.0,
        0.1264048863427145,
        0.0
      ]
    },
    "My_Plasterboard_Ceiling": {
      "bands_hz": [
        63,
        125,
        250,
        500,
        1000,
        2000,
        4000,
        8000
      ],
      "alpha": [
        0.1681001642432918,
        0.0,
        0.05676811676539521,
        0.10346711920063596,
        0.0,
        0.1252646371039475,
        0.038011845301963665,
        0.09139673065764325
      ]
    },
    "My_Solid_Core_Door": {
      "bands_hz": [
        63,
        125,
        250,
        500,
        1000,
        2000,
        4000,
        8000
      ],
      "alpha": [
        0.08949384691497525,
        0.09994450513121816,
        0.002144428082544003,
        0.0,
        0.0,
        0.013165269478600836,
        0.25750338103343384,
        0.0
      ]
    },
    "My_Timber_Platform_Dense": {
      "bands_hz": [
        63,
        125,
        250,
        500,
        1000,
        2000,
        4000,
        8000
      ],
      "alpha": [
        0.033006279240822056,
        0.04182486173906359,
        0.13601154005213395,
        0.12994071608490093,
        0.0,
        0.10357146532195427,
        0.003078966406074843,
        0.0
      ]
    },
    "My_Whiteboard_Gloss": {
      "bands_hz": [
        63,
        125,
        250,
        500,
        1000,
        2000,
        4000,
        8000
      ],
      "alpha": [
        0.03278466813802402,
        0.0,
        0.0,
        0.0,
        0.20589085084482125,
        0.09616171136172696,
        0.2870890718362119,
        0.0
      ]
    }
  },
  "scatter": {}
}