{
  "My_Glass_10mm": {
    "bands_hz": [
      63,
      125,
      250,
      500,
      1000,
      2000,
      4000,
      8000
    ],
    "alpha": [
      0.01,
      0.01,
      0.28044620912039775,
      0.24574366953916293,
      0.41285556011088076,
      0.01,
      0.01,
      0.06208988106994777
    ]
  },
  "My_Linoleum_on_Slab": {
    "bands_hz": [
      63,
      125,
      250,
      500,
      1000,
      2000,
      4000,
      8000
    ],
    "alpha": [
      0.19247249781962847,
      0.01,
      0.01,
      0.0990142890456928,
      0.42940922518074875,
      0.01,
      0.01,
      0.10675160829335617
    ]
  },
  "My_Painted_Plasterboard": {
    "bands_hz": [
      63,
      125,
      250,
      500,
      1000,
      2000,
      4000,
      8000
    ],
    "alpha": [
      0.01,
      0.05225928604050946,
      0.10948295637971663,
      0.01,
      0.01,
      0.4414726355075196,
      0.10198992610278436,
      0.01
    ]
  },
  "My_Plasterboard_Ceiling": {
    "bands_hz": [
      63,
      125,
      250,
      500,
      1000,
      2000,
      4000,
      8000
    ],
    "alpha": [
      0.09624196167375564,
      0.020772598458754392,
      0.04567252390009614,
      0.01,
      0.01,
      0.01,
      0.1102240525394894,
      0.01
    ]
  },
  "My_Solid_Core_Door": {
    "bands_hz": [
      63,
      125,
      250,
      500,
      1000,
      2000,
      4000,
      8000
    ],
    "alpha": [
      0.13892275931073889,
      0.05555899903356051,
      0.052858128879217564,
      0.030859329301339913,
      0.310241110076495,
      0.14149999795933274,
      0.01,
      0.01
    ]
  },
  "My_Timber_Platform_Dense": {
    "bands_hz": [
      63,
      125,
      250,
      500,
      1000,
      2000,
      4000,
      8000
    ],
    "alpha": [
      0.14032448895002064,
      0.037834660786088825,
      0.29982743187651995,
      0.01,
      0.33715257353302786,
      0.10771669033444796,
      0.01,
      0.01
    ]
  },
  "My_Whiteboard_Gloss": {
    "bands_hz": [
      63,
      125,
      250,
      500,
      1000,
      2000,
      4000,
      8000
    ],
    "alpha": [
      0.06114430322117939,
      0.01,
      0.19342582691183732,
      0.05704111861135832,
      0.01,
      0.01,
      0.20042295000816795,
      0.1823712425008578
    ]
  }
}