receiver,metric,band_hz,target,prediction
R_00x20y,t20,125,5.643971212346544,2.0311825561384493
R_00x20y,t20,250,2.211440041572608,2.21674997882724
R_00x20y,t20,500,2.1185543566886302,2.2104825223965476
R_00x20y,t20,1000,1.8779081891794835,2.0825283121226827
R_00x20y,t20,2000,2.0188694891591314,2.036488904374574
R_00x20y,t20,4000,1.7492404436901166,1.757719998403559
R_00x20y,t20,8000,1.1546544929687,1.1963517834530222
R_15x40y,t20,125,5.24870473061876,2.250915217866144
R_15x40y,t20,250,2.2362975029086773,2.245283589819819
R_15x40y,t20,500,2.04183443304955,2.2462450014208653
R_15x40y,t20,1000,1.8425500081023867,2.092202194635155
R_15x40y,t20,2000,1.975355402317205,2.051848608727474
R_15x40y,t20,4000,1.6921628899740322,1.8401751453588107
R_15x40y,t20,8000,1.1413500485963997,1.1956710218957187
R_30x00y,t20,125,4.5181704440481925,1.9656049002495524
R_30x00y,t20,250,2.5270500732315675,2.4287682483652073
R_30x00y,t20,500,2.0474574192894757,2.242036596423716
R_30x00y,t20,1000,1.900576150470351,2.021614203788847
R_30x00y,t20,2000,1.9494637000876818,2.033627842379064
R_30x00y,t20,4000,1.7283309144215306,1.8177300650316073
R_30x00y,t20,8000,1.1190407202398613,1.2040625313140925
R_40x30y,t20,250,2.3088797109074415,2.1096843995309666
R_40x30y,t20,500,2.269310960562598,2.266729410463284
R_40x30y,t20,1000,1.906945453642093,2.1830100205374325
R_40x30y,t20,2000,2.00015735657735,2.052765357637268
R_40x30y,t20,4000,1.7134505406232012,1.7994156314691392
R_40x30y,t20,8000,1.1538209280348974,1.2123141472812302
R_60x15y,t20,125,6.203911889674429,2.1382993193130844
R_60x15y,t20,250,2.1605912368237647,2.1865767860524423
R_60x15y,t20,500,2.1601015400130805,2.1777235140564843
R_60x15y,t20,1000,1.9201734173887237,2.125900309551834
R_60x15y,t20,2000,2.0170344827541955,2.063037809557332
R_60x15y,t20,4000,1.7365657787420206,1.7805958085723932
R_60x15y,t20,8000,1.1573123959465188,1.1832439364377805
