{
  "My_Glass_10mm": {
    "bands_hz": [
      63,
      125,
      250,
      500,
      1000,
      2000,
      4000,
      8000
    ],
    "alpha": [
      0.07940898219983086,
      0.01,
      0.09395139548026298,
      0.07727183865810588,
      0.0391110078933147,
      0.0897481828421728,
      0.09813858747056003,
      0.012958583767699688
    ]
  },
  "My_Linoleum_on_Slab": {
    "bands_hz": [
      63,
      125,
      250,
      500,
      1000,
      2000,
      4000,
      8000
    ],
    "alpha": [
      0.01,
      0.01,
      0.1004556543492071,
      0.04858634891079086,
      0.01,
      0.030846095162949276,
      0.01,
      0.033812351434067946
    ]
  },
  "My_Painted_Plasterboard": {
    "bands_hz": [
      63,
      125,
      250,
      500,
      1000,
      2000,
      4000,
      8000
    ],
    "alpha": [
      0.01,
      0.01,
      0.01,
      0.05025137438680724,
      0.13581283529216662,
      0.01,
      0.10325826862672888,
      0.06270683866974061
    ]
  },
  "My_Plasterboard_Ceiling": {
    "bands_hz": [
      63,
      125,
      250,
      500,
      1000,
      2000,
      4000,
      8000
    ],
    "alpha": [
      0.03171010738432404,
      0.01,
      0.02493345078182077,
      0.10608362816321426,
      0.01,
      0.011253438596952665,
      0.12398063914795432,
      0.09103016448343618
    ]
  },
  "My_Solid_Core_Door": {
    "bands_hz": [
      63,
      125,
      250,
      500,
      1000,
      2000,
      4000,
      8000
    ],
    "alpha": [
      0.01,
      0.05001889619870099,
      0.13002698520768158,
      0.03992977972585486,
      0.010063099602018278,
      0.02897520114918603,
      0.034446386417246434,
      0.01
    ]
  },
  "My_Timber_Platform_Dense": {
    "bands_hz": [
      63,
      125,
      250,
      500,
      1000,
      2000,
      4000,
      8000
    ],
    "alpha": [
      0.01,
      0.01941150084681473,
      0.2032025171607722,
      0.07048998840197324,
      0.049883171643546796,
      0.07218164070432675,
      0.1091806893160704,
      0.06130042054371569
    ]
  },
  "My_Whiteboard_Gloss": {
    "bands_hz": [
      63,
      125,
      250,
      500,
      1000,
      2000,
      4000,
      8000
    ],
    "alpha": [
      0.01,
      0.04501406010466111,
      0.01,
      0.025235949318805143,
      0.01,
      0.01,
      0.01,
      0.01
    ]
  }
}