{
  "alpha": {
    "My_Glass_10mm": {
      "bands_hz": [
        63,
        125,
        250,
        500,
        1000,
        2000,
        4000,
        8000
      ],
      "alpha": [
        0.07474114700576528,
        0.13912843533306413,
        0.07802776119395419,
        0.1780388804440016,
        0.08927592031626236,
        0.0999922685656984,
        0.07986499385489154,
        0.01
      ]
    },
    "My_Linoleum_on_Slab": {
      "bands_hz": [
        63,
        125,
        250,
        500,
        1000,
        2000,
        4000,
        8000
      ],
      "alpha": [
        0.07899417730908913,
        0.020995367369740503,
        0.01,
        0.01,
        0.03106469738007276,
        0.15256365893707016,
        0.042819738966551925,
        0.01
      ]
    },
    "My_Painted_Plasterboard": {
      "bands_hz": [
        63,
        125,
        250,
        500,
        1000,
        2000,
        4000,
        8000
      ],
      "alpha": [
        0.046954357264538435,
        0.14763235047287535,
        0.02671185814835472,
        0.07054310169535487,
        0.06625793554482995,
        0.07598282850148068,
        0.15405003147599072,
        0.01
      ]
    },
    "My_Plasterboard_Ceiling": {
      "bands_hz": [
        63,
        125,
        250,
        500,
        1000,
        2000,
        4000,
        8000
      ],
      "alpha": [
        0.0712425096643219,
        0.01,
        0.01,
        0.058778461704597496,
        0.10180809709995178,
        0.04248696760924502,
        0.01,
        0.01
      ]
    },
    "My_Solid_Core_Door": {
      "bands_hz": [
        63,
        125,
        250,
        500,
        1000,
        2000,
        4000,
        8000
      ],
      "alpha": [
        0.01,
        0.08586456536088041,
        0.01,
        0.07732764333832379,
        0.0931298052763306,
        0.027761513785991985,
        0.06854568221685074,
        0.10924537183111865
      ]
    },
    "My_Timber_Platform_Dense": {
      "bands_hz": [
        63,
        125,
        250,
        500,
        1000,
        2000,
        4000,
        8000
      ],
      "alpha": [
        0.08829491639989592,
        0.01,
        0.01,
        0.13482629854617453,
        0.10681160029167923,
        0.01,
        0.017877405361790527,
        0.014858310956744909
      ]
    },
    "My_Whiteboard_Gloss": {
      "bands_hz": [
        63,
        125,
        250,
        500,
        1000,
        2000,
        4000,
        8000
      ],
      "alpha": [
        0.03620295184267301,
        0.08769163714635989,
        0.07528818165400422,
        0.06135415749767916,
        0.01,
        0.09044063960467667,
        0.09477449611407295,
        0.01
      ]
    }
  },
  "scatter": {}
}