{
  "alpha": {
    "My_Glass_10mm": {
      "bands_hz": [
        63,
        125,
        250,
        500,
        1000,
        2000,
        4000,
        8000
      ],
      "alpha": [
        0.042543089066055126,
        0.0,
        0.06373908211387189,
        0.04226358649631644,
        0.04083349416739962,
        0.06276948758942391,
        0.03496379370596783,
        0.0
      ]
    },
    "My_Linoleum_on_Slab": {
      "bands_hz": [
        63,
        125,
        250,
        500,
        1000,
        2000,
        4000,
        8000
      ],
      "alpha": [
        0.016368452990029043,
        0.05072802764258492,
        0.032380130720511054,
        0.05038079917626091,
        0.043502021465867693,
        0.05655102087804225,
        0.0164789398928952,
        0.049626358539390465
      ]
    },
    "My_Painted_Plasterboard": {
      "bands_hz": [
        63,
        125,
        250,
        500,
        1000,
        2000,
        4000,
        8000
      ],
      "alpha": [
        0.0529581167738898,
        0.024877468275889686,
        0.05705341166365773,
        0.0,
        0.0,
        0.02300142752850324,
        0.07703430157880525,
        0.024647288851351028
      ]
    },
    "My_Plasterboard_Ceiling": {
      "bands_hz": [
        63,
        125,
        250,
        500,
        1000,
        2000,
        4000,
        8000
      ],
      "alpha": [
        0.051477307564242146,
        0.053712126048510694,
        0.0,
        0.050661345380994205,
        0.0,
        0.0302424897119398,
        0.010617253554994044,
        0.0
      ]
    },
    "My_Solid_Core_Door": {
      "bands_hz": [
        63,
        125,
        250,
        500,
        1000,
        2000,
        4000,
        8000
      ],
      "alpha": [
        0.020934339173937708,
        0.0,
        0.0,
        0.0,
        0.04084861318090292,
        0.05910721719429834,
        0.0978649516791173,
        0.0505398678333738
      ]
    },
    "My_Timber_Platform_Dense": {
      "bands_hz": [
        63,
        125,
        250,
        500,
        1000,
        2000,
        4000,
        8000
      ],
      "alpha": [
        0.006661041748510798,
        0.047347156424739203,
        0.08369124534687664,
        0.042536120552939774,
        0.0,
        0.01727824368758857,
        0.007785437887372772,
        0.022998059341422385
      ]
    },
    "My_Whiteboard_Gloss": {
      "bands_hz": [
        63,
        125,
        250,
        500,
        1000,
        2000,
        4000,
        8000
      ],
      "alpha": [
        0.031819261032362,
        0.07968887946230038,
        0.014407347885599811,
        0.0,
        0.01739970822581774,
        0.0010406665838257508,
        0.020898825545977898,
        0.01765172534997219
      ]
    }
  },
  "scatter": {}
}