{
  "My_Glass_10mm": {
    "bands_hz": [
      63,
      125,
      250,
      500,
      1000,
      2000,
      4000,
      8000
    ],
    "alpha": [
      0.013897114433430245,
      0.01,
      0.18174784352772308,
      0.029271512467633914,
      0.01,
      0.01,
      0.09854834020501536,
      0.1476056187723243
    ]
  },
  "My_Linoleum_on_Slab": {
    "bands_hz": [
      63,
      125,
      250,
      500,
      1000,
      2000,
      4000,
      8000
    ],
    "alpha": [
      0.2355535196416341,
      0.0881584412369737,
      0.05979119566029588,
      0.31242504702452933,
      0.01,
      0.07214489501116061,
      0.01,
      0.01
    ]
  },
  "My_Painted_Plasterboard": {
    "bands_hz": [
      63,
      125,
      250,
      500,
      1000,
      2000,
      4000,
      8000
    ],
    "alpha": [
      0.12257428748317299,
      0.18733683961917783,
      0.14772493582372315,
      0.01,
      0.01,
      0.01420667607037928,
      0.01,
      0.19447102554522055
    ]
  },
  "My_Plasterboard_Ceiling": {
    "bands_hz": [
      63,
      125,
      250,
      500,
      1000,
      2000,
      4000,
      8000
    ],
    "alpha": [
      0.01,
      0.01,
      0.0736459574812665,
      0.12094901501252996,
      0.16470052387239595,
      0.01,
      0.15714687720480508,
      0.11953755401827036
    ]
  },
  "My_Solid_Core_Door": {
    "bands_hz": [
      63,
      125,
      250,
      500,
      1000,
      2000,
      4000,
      8000
    ],
    "alpha": [
      0.01,
      0.01,
      0.28529692049710575,
      0.22168170839117673,
      0.07814065506155146,
      0.11913666054423006,
      0.2055040894499129,
      0.13593349122521275
    ]
  },
  "My_Timber_Platform_Dense": {
    "bands_hz": [
      63,
      125,
      250,
      500,
      1000,
      2000,
      4000,
      8000
    ],
    "alpha": [
      0.01,
      0.3629158966383924,
      0.32565131436121897,
      0.22973394221932697,
      0.01,
      0.05473712143428591,
      0.01,
      0.01
    ]
  },
  "My_Whiteboard_Gloss": {
    "bands_hz": [
      63,
      125,
      250,
      500,
      1000,
      2000,
      4000,
      8000
    ],
    "alpha": [
      0.011581138820692241,
      0.01,
      0.01,
      0.27999719406722806,
      0.01,
      0.01,
      0.2538316832172017,
      0.01
    ]
  }
}