{
  "My_Glass_10mm": {
    "bands_hz": [
      63,
      125,
      250,
      500,
      1000,
      2000,
      4000,
      8000
    ],
    "alpha": [
      0.17083486192749,
      0.3502865748090813,
      0.1663323860017876,
      0.06938979846812454,
      0.18925659993332744,
      0.01,
      0.01,
      0.01
    ]
  },
  "My_Linoleum_on_Slab": {
    "bands_hz": [
      63,
      125,
      250,
      500,
      1000,
      2000,
      4000,
      8000
    ],
    "alpha": [
      0.28286870637982753,
      0.1963020340990153,
      0.01,
      0.28194546426553035,
      0.01,
      0.309516427681768,
      0.1746876812483466,
      0.01
    ]
  },
  "My_Painted_Plasterboard": {
    "bands_hz": [
      63,
      125,
      250,
      500,
      1000,
      2000,
      4000,
      8000
    ],
    "alpha": [
      0.062281459925885053,
      0.01,
      0.11396081920729706,
      0.30683475480722333,
      0.01,
      0.39534169810431774,
      0.02304632708747331,
      0.2863781243443563
    ]
  },
  "My_Plasterboard_Ceiling": {
    "bands_hz": [
      63,
      125,
      250,
      500,
      1000,
      2000,
      4000,
      8000
    ],
    "alpha": [
      0.043960988134971415,
      0.01,
      0.27552986738793434,
      0.01,
      0.16509250188525976,
      0.15572146136523893,
      0.12748166397305413,
      0.01
    ]
  },
  "My_Solid_Core_Door": {
    "bands_hz": [
      63,
      125,
      250,
      500,
      1000,
      2000,
      4000,
      8000
    ],
    "alpha": [
      0.01,
      0.01,
      0.13041774571394993,
      0.17306321857586743,
      0.04996086675370997,
      0.01,
      0.10074264712856952,
      0.1931822648978564
    ]
  },
  "My_Timber_Platform_Dense": {
    "bands_hz": [
      63,
      125,
      250,
      500,
      1000,
      2000,
      4000,
      8000
    ],
    "alpha": [
      0.01,
      0.01,
      0.01,
      0.13795634658150677,
      0.1203198506320958,
      0.04566305330473826,
      0.01,
      0.01
    ]
  },
  "My_Whiteboard_Gloss": {
    "bands_hz": [
      63,
      125,
      250,
      500,
      1000,
      2000,
      4000,
      8000
    ],
    "alpha": [
      0.053723394781334165,
      0.22082025224181062,
      0.01,
      0.1055728373198264,
      0.01,
      0.07983915627367665,
      0.01,
      0.12323897935420237
    ]
  }
}