{
  "alpha": {
    "My_Glass_10mm": {
      "bands_hz": [
        63,
        125,
        250,
        500,
        1000,
        2000,
        4000,
        8000
      ],
      "alpha": [
        0.01,
        0.22864923720782343,
        0.01,
        0.0399305711738164,
        0.33277434868482764,
        0.04681953062619974,
        0.01,
        0.01
      ]
    },
    "My_Linoleum_on_Slab": {
      "bands_hz": [
        63,
        125,
        250,
        500,
        1000,
        2000,
        4000,
        8000
      ],
      "alpha": [
        0.06498041447343937,
        0.05274192706593234,
        0.01,
        0.16851293902194645,
        0.04212155849508256,
        0.5414243844688815,
        0.01,
        0.010000000000000002
      ]
    },
    "My_Painted_Plasterboard": {
      "bands_hz": [
        63,
        125,
        250,
        500,
        1000,
        2000,
        4000,
        8000
      ],
      "alpha": [
        0.010000000000000002,
        0.16280681824569057,
        0.07353244161880922,
        0.01,
        0.012168390410506276,
        0.055650016045627776,
        0.01,
        0.13349178472418843
      ]
    },
    "My_Plasterboard_Ceiling": {
      "bands_hz": [
        63,
        125,
        250,
        500,
        1000,
        2000,
        4000,
        8000
      ],
      "alpha": [
        0.01,
        0.01,
        0.0720146971686208,
        0.01,
        0.3210511676653725,
        0.14149252398185988,
        0.09542854908803143,
        0.030745585531957137
      ]
    },
    "My_Solid_Core_Door": {
      "bands_hz": [
        63,
        125,
        250,
        500,
        1000,
        2000,
        4000,
        8000
      ],
      "alpha": [
        0.3130565372140519,
        0.01,
        0.06015264046068222,
        0.01,
        0.28210123421205524,
        0.35313859268124115,
        0.01,
        0.10009804843078124
      ]
    },
    "My_Timber_Platform_Dense": {
      "bands_hz": [
        63,
        125,
        250,
        500,
        1000,
        2000,
        4000,
        8000
      ],
      "alpha": [
        0.235035869354353,
        0.27046096135687053,
        0.07904713885961663,
        0.01,
        0.1667481957279978,
        0.01,
        0.34932005541628913,
        0.06610116524124005
      ]
    },
    "My_Whiteboard_Gloss": {
      "bands_hz": [
        63,
        125,
        250,
        500,
        1000,
        2000,
        4000,
        8000
      ],
      "alpha": [
        0.010388832293381466,
        0.01,
        0.01,
        0.04419147245170628,
        0.07967310669831396,
        0.27020560717079234,
        0.01,
        0.3014405243943199
      ]
    }
  },
  "scatter": {}
}