{
  "My_Glass_10mm": {
    "bands_hz": [
      63,
      125,
      250,
      500,
      1000,
      2000,
      4000,
      8000
    ],
    "alpha": [
      0.22365631703952255,
      0.014469231649301112,
      0.03189682999027663,
      0.21076517738219902,
      0.0402856146583987,
      0.01,
      0.04019151328753836,
      0.017005855478349725
    ]
  },
  "My_Linoleum_on_Slab": {
    "bands_hz": [
      63,
      125,
      250,
      500,
      1000,
      2000,
      4000,
      8000
    ],
    "alpha": [
      0.11341485962181493,
      0.010000000000000002,
      0.1641116440017102,
      0.011246505028071545,
      0.07817181321022056,
      0.013809882463036384,
      0.13463568247202834,
      0.041508368460054484
    ]
  },
  "My_Painted_Plasterboard": {
    "bands_hz": [
      63,
      125,
      250,
      500,
      1000,
      2000,
      4000,
      8000
    ],
    "alpha": [
      0.011338676024412877,
      0.14813858250033973,
      0.16535103630932163,
      0.08018019084086286,
      0.05652794974345085,
      0.01,
      0.02365371467031429,
      0.011425062607522473
    ]
  },
  "My_Plasterboard_Ceiling": {
    "bands_hz": [
      63,
      125,
      250,
      500,
      1000,
      2000,
      4000,
      8000
    ],
    "alpha": [
      0.010198340721703813,
      0.02335486385728574,
      0.01,
      0.08422557261746269,
      0.01,
      0.1812044484035403,
      0.06967424221288959,
      0.01
    ]
  },
  "My_Solid_Core_Door": {
    "bands_hz": [
      63,
      125,
      250,
      500,
      1000,
      2000,
      4000,
      8000
    ],
    "alpha": [
      0.01,
      0.05343484478891401,
      0.01,
      0.017800407385080222,
      0.01,
      0.07685926730007261,
      0.06793110077797664,
      0.011437541625972318
    ]
  },
  "My_Timber_Platform_Dense": {
    "bands_hz": [
      63,
      125,
      250,
      500,
      1000,
      2000,
      4000,
      8000
    ],
    "alpha": [
      0.0857491951583306,
      0.04107172552101004,
      0.09018711037107945,
      0.010000000000000002,
      0.04702729231917452,
      0.010000000000000002,
      0.10429432108410537,
      0.010000000000000002
    ]
  },
  "My_Whiteboard_Gloss": {
    "bands_hz": [
      63,
      125,
      250,
      500,
      1000,
      2000,
      4000,
      8000
    ],
    "alpha": [
      0.07550348662809502,
      0.04346715631663513,
      0.021372900099123862,
      0.05412072888997457,
      0.02770284319567867,
      0.06591557278126077,
      0.029451777560765557,
      0.01
    ]
  }
}