{
  "alpha": {
    "My_Glass_10mm": {
      "bands_hz": [
        63,
        125,
        250,
        500,
        1000,
        2000,
        4000,
        8000
      ],
      "alpha": [
        0.0,
        0.10008360551814677,
        0.025211156137039087,
        0.0032942542973475944,
        0.03906211557441236,
        0.02404969517016031,
        0.03749994340573091,
        0.02768202479234515
      ]
    },
    "My_Linoleum_on_Slab": {
      "bands_hz": [
        63,
        125,
        250,
        500,
        1000,
        2000,
        4000,
        8000
      ],
      "alpha": [
        0.0753848617236272,
        0.0,
        0.0,
        0.06969220726349779,
        0.0,
        0.010992916952585311,
        0.049650411550850974,
        0.030671378877494774
      ]
    },
    "My_Painted_Plasterboard": {
      "bands_hz": [
        63,
        125,
        250,
        500,
        1000,
        2000,
        4000,
        8000
      ],
      "alpha": [
        0.05742200767913846,
        0.039429294584142176,
        0.021132016266047757,
        0.0671258805972661,
        0.023505024825254565,
        0.0,
        0.02504992408819061,
        0.04649578432235664
      ]
    },
    "My_Plasterboard_Ceiling": {
      "bands_hz": [
        63,
        125,
        250,
        500,
        1000,
        2000,
        4000,
        8000
      ],
      "alpha": [
        0.01895690958391197,
        0.047296478093100267,
        0.0421301441292714,
        0.0,
        0.03413641130419472,
        0.05435793071352368,
        0.0,
        0.00477553902067028
      ]
    },
    "My_Solid_Core_Door": {
      "bands_hz": [
        63,
        125,
        250,
        500,
        1000,
        2000,
        4000,
        8000
      ],
      "alpha": [
        0.052879578950182825,
        0.0,
        0.0810332957548425,
        0.0,
        0.0032756058808618566,
        0.05600398979914202,
        0.015833647825313473,
        0.0
      ]
    },
    "My_Timber_Platform_Dense": {
      "bands_hz": [
        63,
        125,
        250,
        500,
        1000,
        2000,
        4000,
        8000
      ],
      "alpha": [
        0.029568195196034795,
        0.005907691904754445,
        0.022620244322231305,
        0.0,
        0.009473399278729575,
        0.039545860551134245,
        0.05660370852543034,
        0.06684212062242018
      ]
    },
    "My_Whiteboard_Gloss": {
      "bands_hz": [
        63,
        125,
        250,
        500,
        1000,
        2000,
        4000,
        8000
      ],
      "alpha": [
        0.035206239545415574,
        0.001578802094782502,
        0.04431179592551405,
        0.0,
        0.017686911070942384,
        0.06152735954905619,
        0.03063102295714322,
        0.09753121153717027
      ]
    }
  },
  "scatter": {}
}