{
  "alpha": {
    "My_Glass_10mm": {
      "bands_hz": [
        63,
        125,
        250,
        500,
        1000,
        2000,
        4000,
        8000
      ],
      "alpha": [
        0.07199025482179136,
        0.0,
        0.03811896258631835,
        0.0,
        0.10713678680964893,
        0.0,
        0.03572737727480907,
        0.18467102608428745
      ]
    },
    "My_Linoleum_on_Slab": {
      "bands_hz": [
        63,
        125,
        250,
        500,
        1000,
        2000,
        4000,
        8000
      ],
      "alpha": [
        0.06182171352851034,
        0.0,
        0.0,
        0.0,
        0.0,
        0.1130591541181726,
        0.0,
        0.0014091086300405259
      ]
    },
    "My_Painted_Plasterboard": {
      "bands_hz": [
        63,
        125,
        250,
        500,
        1000,
        2000,
        4000,
        8000
      ],
      "alpha": [
        0.0,
        0.0,
        0.14514185946656194,
        0.0,
        0.002347957929055792,
        0.0,
        0.0,
        0.02410387696400584
      ]
    },
    "My_Plasterboard_Ceiling": {
      "bands_hz": [
        63,
        125,
        250,
        500,
        1000,
        2000,
        4000,
        8000
      ],
      "alpha": [
        0.0,
        0.12685759667397573,
        0.03316234236195879,
        0.0,
        0.07193239177579827,
        0.0,
        0.0,
        0.027803715819425576
      ]
    },
    "My_Solid_Core_Door": {
      "bands_hz": [
        63,
        125,
        250,
        500,
        1000,
        2000,
        4000,
        8000
      ],
      "alpha": [
        0.03802131592722719,
        0.08657211556328828,
        0.10138611261294823,
        0.0,
        0.052851432446498356,
        0.0,
        0.047031518444382026,
        0.02508707526691454
      ]
    },
    "My_Timber_Platform_Dense": {
      "bands_hz": [
        63,
        125,
        250,
        500,
        1000,
        2000,
        4000,
        8000
      ],
      "alpha": [
        0.15441200310256134,
        0.08952465341447968,
        0.0,
        0.03563892698244463,
        0.01619213301942614,
        0.0,
        0.0,
        0.0
      ]
    },
    "My_Whiteboard_Gloss": {
      "bands_hz": [
        63,
        125,
        250,
        500,
        1000,
        2000,
        4000,
        8000
      ],
      "alpha": [
        0.01673160492749054,
        0.08805338534702861,
        0.07697474133220761,
        0.08092460183216871,
        0.0,
        0.023893903966445675,
        0.0,
        0.0
      ]
    }
  },
  "scatter": {}
}