{
  "alpha": {
    "My_Glass_10mm": {
      "bands_hz": [
        63,
        125,
        250,
        500,
        1000,
        2000,
        4000,
        8000
      ],
      "alpha": [
        0.017505697674256217,
        0.0938853381757794,
        0.10413686849078035,
        0.259101372762627,
        0.17773948163074,
        0.24395328346856088,
        0.010000000000000002,
        0.1184151221635285
      ]
    },
    "My_Linoleum_on_Slab": {
      "bands_hz": [
        63,
        125,
        250,
        500,
        1000,
        2000,
        4000,
        8000
      ],
      "alpha": [
        0.05822564103476387,
        0.1662865089421681,
        0.01,
        0.01,
        0.15198144296709606,
        0.18624439792124337,
        0.01,
        0.010000000000000002
      ]
    },
    "My_Painted_Plasterboard": {
      "bands_hz": [
        63,
        125,
        250,
        500,
        1000,
        2000,
        4000,
        8000
      ],
      "alpha": [
        0.010000000000000002,
        0.044205111230875796,
        0.018631272319875276,
        0.18203060061364315,
        0.5140136804683357,
        0.05833072690633463,
        0.2856496083104455,
        0.1242275050271515
      ]
    },
    "My_Plasterboard_Ceiling": {
      "bands_hz": [
        63,
        125,
        250,
        500,
        1000,
        2000,
        4000,
        8000
      ],
      "alpha": [
        0.14494163421113734,
        0.01655544917127752,
        0.3945564557147862,
        0.01,
        0.09384040660783953,
        0.13670333701473228,
        0.01,
        0.13878826842826017
      ]
    },
    "My_Solid_Core_Door": {
      "bands_hz": [
        63,
        125,
        250,
        500,
        1000,
        2000,
        4000,
        8000
      ],
      "alpha": [
        0.05380261738574531,
        0.01,
        0.35904751309078237,
        0.01,
        0.31928803463397315,
        0.20288507487017918,
        0.01,
        0.036228418066435716
      ]
    },
    "My_Timber_Platform_Dense": {
      "bands_hz": [
        63,
        125,
        250,
        500,
        1000,
        2000,
        4000,
        8000
      ],
      "alpha": [
        0.07641239834265791,
        0.01,
        0.02696205186576264,
        0.01,
        0.01,
        0.01,
        0.01,
        0.06647138170824897
      ]
    },
    "My_Whiteboard_Gloss": {
      "bands_hz": [
        63,
        125,
        250,
        500,
        1000,
        2000,
        4000,
        8000
      ],
      "alpha": [
        0.12878082530326498,
        0.01,
        0.3633080470055707,
        0.013602976664516413,
        0.01,
        0.09725491902834664,
        0.01,
        0.34813520127837083
      ]
    }
  },
  "scatter": {}
}