{
  "alpha": {
    "My_Glass_10mm": {
      "bands_hz": [
        63,
        125,
        250,
        500,
        1000,
        2000,
        4000,
        8000
      ],
      "alpha": [
        0.04824627184045478,
        0.0087867634497798,
        0.019184458248621396,
        0.058976503950222595,
        0.0,
        0.048011812823630984,
        0.037947064162688934,
        0.0031847049936818417
      ]
    },
    "My_Linoleum_on_Slab": {
      "bands_hz": [
        63,
        125,
        250,
        500,
        1000,
        2000,
        4000,
        8000
      ],
      "alpha": [
        0.006055362728365897,
        0.050474707657456715,
        0.035092553749279304,
        0.02966897022299021,
        0.0,
        0.0638623786038278,
        0.045710858487983244,
        0.04422040762088929
      ]
    },
    "My_Painted_Plasterboard": {
      "bands_hz": [
        63,
        125,
        250,
        500,
        1000,
        2000,
        4000,
        8000
      ],
      "alpha": [
        0.0,
        0.0,
        0.012408542267778235,
        0.021723936849705385,
        0.04293794774650145,
        0.027716469888839516,
        0.0,
        0.0004363747820528667
      ]
    },
    "My_Plasterboard_Ceiling": {
      "bands_hz": [
        63,
        125,
        250,
        500,
        1000,
        2000,
        4000,
        8000
      ],
      "alpha": [
        0.0,
        0.08424204442480232,
        0.0,
        0.04271604578414208,
        0.0234735397743641,
        0.0,
        0.0,
        0.02211623872909678
      ]
    },
    "My_Solid_Core_Door": {
      "bands_hz": [
        63,
        125,
        250,
        500,
        1000,
        2000,
        4000,
        8000
      ],
      "alpha": [
        0.03754125440995871,
        0.04094161503106974,
        0.031445785135894744,
        0.009801629009945512,
        0.04796940859356301,
        0.03973247220342942,
        0.03385289217191768,
        0.0
      ]
    },
    "My_Timber_Platform_Dense": {
      "bands_hz": [
        63,
        125,
        250,
        500,
        1000,
        2000,
        4000,
        8000
      ],
      "alpha": [
        0.008956557779501984,
        0.046066876652451,
        0.027131673062338286,
        0.06865898147509952,
        0.012790408451963418,
        0.030242294195919082,
        0.01674286312418182,
        0.0
      ]
    },
    "My_Whiteboard_Gloss": {
      "bands_hz": [
        63,
        125,
        250,
        500,
        1000,
        2000,
        4000,
        8000
      ],
      "alpha": [
        0.03417883573993847,
        0.0,
        0.06698467043021225,
        0.012555104059015589,
        0.03773767484850615,
        0.05512531407224415,
        0.05259123011000574,
        0.05081807420088134
      ]
    }
  },
  "scatter": {}
}