{
  "My_Glass_10mm": {
    "bands_hz": [
      63,
      125,
      250,
      500,
      1000,
      2000,
      4000,
      8000
    ],
    "alpha": [
      0.07642366562763486,
      0.01,
      0.01,
      0.01,
      0.02337712715863892,
      0.13184405317057823,
      0.05033233371506899,
      0.01
    ]
  },
  "My_Linoleum_on_Slab": {
    "bands_hz": [
      63,
      125,
      250,
      500,
      1000,
      2000,
      4000,
      8000
    ],
    "alpha": [
      0.01,
      0.13976993369512664,
      0.12710074519099063,
      0.014429037663018621,
      0.1624834036753016,
      0.24491426768564478,
      0.19981910540983053,
      0.08407201658926813
    ]
  },
  "My_Painted_Plasterboard": {
    "bands_hz": [
      63,
      125,
      250,
      500,
      1000,
      2000,
      4000,
      8000
    ],
    "alpha": [
      0.32112148380598926,
      0.01,
      0.01,
      0.01,
      0.1488735029418285,
      0.01,
      0.01,
      0.01
    ]
  },
  "My_Plasterboard_Ceiling": {
    "bands_hz": [
      63,
      125,
      250,
      500,
      1000,
      2000,
      4000,
      8000
    ],
    "alpha": [
      0.019005239871020072,
      0.01,
      0.2766435125038656,
      0.17340032451438447,
      0.22638958308367788,
      0.05386151456362087,
      0.01,
      0.01
    ]
  },
  "My_Solid_Core_Door": {
    "bands_hz": [
      63,
      125,
      250,
      500,
      1000,
      2000,
      4000,
      8000
    ],
    "alpha": [
      0.01,
      0.04366012733974956,
      0.01,
      0.35584071106769677,
      0.5066993567913275,
      0.01,
      0.22749535463183945,
      0.14726717684886234
    ]
  },
  "My_Timber_Platform_Dense": {
    "bands_hz": [
      63,
      125,
      250,
      500,
      1000,
      2000,
      4000,
      8000
    ],
    "alpha": [
      0.2893662993017385,
      0.11698581307710987,
      0.01,
      0.23629948044676435,
      0.01,
      0.01,
      0.01,
      0.26222295723926226
    ]
  },
  "My_Whiteboard_Gloss": {
    "bands_hz": [
      63,
      125,
      250,
      500,
      1000,
      2000,
      4000,
      8000
    ],
    "alpha": [
      0.01,
      0.07594799543208108,
      0.022296065070149636,
      0.01,
      0.27664616959733124,
      0.01,
      0.24090391553664642,
      0.01
    ]
  }
}