{
  "alpha": {
    "My_Glass_10mm": {
      "bands_hz": [
        63,
        125,
        250,
        500,
        1000,
        2000,
        4000,
        8000
      ],
      "alpha": [
        0.08006727821898117,
        0.06098160683655353,
        0.0888377879300841,
        0.17989799147181565,
        0.08907493655450861,
        0.08334597853873629,
        0.25183280132892916,
        0.01
      ]
    },
    "My_Linoleum_on_Slab": {
      "bands_hz": [
        63,
        125,
        250,
        500,
        1000,
        2000,
        4000,
        8000
      ],
      "alpha": [
        0.10038351841261928,
        0.09157394780998092,
        0.012567727070010387,
        0.011731252494842463,
        0.03835360238903636,
        0.09551067939301265,
        0.11634600640283345,
        0.01
      ]
    },
    "My_Painted_Plasterboard": {
      "bands_hz": [
        63,
        125,
        250,
        500,
        1000,
        2000,
        4000,
        8000
      ],
      "alpha": [
        0.03668192972804726,
        0.14854898963250157,
        0.021717566521631464,
        0.058927027691387565,
        0.02726949111014144,
        0.041853737366938565,
        0.09866466690707448,
        0.010000000000000002
      ]
    },
    "My_Plasterboard_Ceiling": {
      "bands_hz": [
        63,
        125,
        250,
        500,
        1000,
        2000,
        4000,
        8000
      ],
      "alpha": [
        0.02382086144952545,
        0.07312189576181592,
        0.029116452160206488,
        0.01,
        0.12260704521112667,
        0.02392777032797984,
        0.01,
        0.047540970215906274
      ]
    },
    "My_Solid_Core_Door": {
      "bands_hz": [
        63,
        125,
        250,
        500,
        1000,
        2000,
        4000,
        8000
      ],
      "alpha": [
        0.01,
        0.0893202824197204,
        0.01,
        0.07773897247781868,
        0.09876677075889008,
        0.01261311435769151,
        0.02786105673382366,
        0.10074003974766453
      ]
    },
    "My_Timber_Platform_Dense": {
      "bands_hz": [
        63,
        125,
        250,
        500,
        1000,
        2000,
        4000,
        8000
      ],
      "alpha": [
        0.02179028823143305,
        0.012319833719913301,
        0.047231998564597436,
        0.04232365239192548,
        0.10391010412490376,
        0.06854668486936942,
        0.1604975105449676,
        0.01
      ]
    },
    "My_Whiteboard_Gloss": {
      "bands_hz": [
        63,
        125,
        250,
        500,
        1000,
        2000,
        4000,
        8000
      ],
      "alpha": [
        0.03961851821749678,
        0.07828593632830781,
        0.01,
        0.049102058920897494,
        0.180812432114344,
        0.14362896253371848,
        0.020864634657623206,
        0.01
      ]
    }
  },
  "scatter": {}
}