{
  "alpha": {
    "My_Glass_10mm": {
      "bands_hz": [
        63,
        125,
        250,
        500,
        1000,
        2000,
        4000,
        8000
      ],
      "alpha": [
        0.04066911227997909,
        0.02302529705487184,
        0.0,
        0.043218987190487265,
        0.003638161246502583,
        0.030455311273442025,
        0.023560013434586635,
        0.05859686467243927
      ]
    },
    "My_Linoleum_on_Slab": {
      "bands_hz": [
        63,
        125,
        250,
        500,
        1000,
        2000,
        4000,
        8000
      ],
      "alpha": [
        0.060718922529781345,
        0.018089886129143216,
        0.013016850370974997,
        0.055678605600208084,
        0.004366051019424003,
        0.03704647783347169,
        0.007496981235506319,
        0.018387080043225014
      ]
    },
    "My_Painted_Plasterboard": {
      "bands_hz": [
        63,
        125,
        250,
        500,
        1000,
        2000,
        4000,
        8000
      ],
      "alpha": [
        0.05445565155695305,
        0.023916948971645084,
        0.0,
        0.008664285675348101,
        0.04363884863045493,
        0.027405158904567434,
        0.0333922608970889,
        0.04989799606279591
      ]
    },
    "My_Plasterboard_Ceiling": {
      "bands_hz": [
        63,
        125,
        250,
        500,
        1000,
        2000,
        4000,
        8000
      ],
      "alpha": [
        0.052634114183987016,
        0.0071451191702886566,
        0.030698797142917345,
        0.06638701027304614,
        0.10023308000445968,
        0.014293434733354031,
        0.08836930423418643,
        0.012389702559741471
      ]
    },
    "My_Solid_Core_Door": {
      "bands_hz": [
        63,
        125,
        250,
        500,
        1000,
        2000,
        4000,
        8000
      ],
      "alpha": [
        0.03355584357046837,
        0.08146887054884097,
        0.04388817036193492,
        0.0116356857228826,
        0.03743943603471763,
        0.06536769967663916,
        0.0,
        0.0
      ]
    },
    "My_Timber_Platform_Dense": {
      "bands_hz": [
        63,
        125,
        250,
        500,
        1000,
        2000,
        4000,
        8000
      ],
      "alpha": [
        0.002320456635293622,
        0.0857689427600898,
        0.01883649012570288,
        0.02637853121870189,
        0.0798559264843868,
        0.047378104642224333,
        0.004857893633716408,
        0.07232043192185404
      ]
    },
    "My_Whiteboard_Gloss": {
      "bands_hz": [
        63,
        125,
        250,
        500,
        1000,
        2000,
        4000,
        8000
      ],
      "alpha": [
        0.03886344160987942,
        0.08618676987017096,
        0.04513561293467841,
        0.030373914718887715,
        0.028183997137191497,
        0.0,
        0.09154809972705943,
        0.0505306729403084
      ]
    }
  },
  "scatter": {}
}