{
  "alpha": {
    "My_Glass_10mm": {
      "bands_hz": [
        63,
        125,
        250,
        500,
        1000,
        2000,
        4000,
        8000
      ],
      "alpha": [
        0.05353873437997465,
        0.07326918662873837,
        0.08560594102855364,
        0.054276490539171496,
        0.06076597515980941,
        0.0,
        0.0015782280732827454,
        0.04563913936956325
      ]
    },
    "My_Linoleum_on_Slab": {
      "bands_hz": [
        63,
        125,
        250,
        500,
        1000,
        2000,
        4000,
        8000
      ],
      "alpha": [
        0.05071611704411167,
        0.02693710240143026,
        0.0,
        0.021639527617580263,
        0.016826650888300047,
        0.08383341563501812,
        0.022376068955952635,
        0.04498420118148389
      ]
    },
    "My_Painted_Plasterboard": {
      "bands_hz": [
        63,
        125,
        250,
        500,
        1000,
        2000,
        4000,
        8000
      ],
      "alpha": [
        0.027949292535292727,
        0.02599947662179523,
        0.010023849234809569,
        0.06843246599220645,
        0.04799235999244579,
        0.08128592351201266,
        0.054857026075496584,
        0.01837159616722158
      ]
    },
    "My_Plasterboard_Ceiling": {
      "bands_hz": [
        63,
        125,
        250,
        500,
        1000,
        2000,
        4000,
        8000
      ],
      "alpha": [
        0.04860712721209514,
        0.0418520684420937,
        0.05843096141631089,
        0.08710743473126305,
        0.038355394922980346,
        0.11089167335759205,
        0.04296201969118291,
        0.05027250510593308
      ]
    },
    "My_Solid_Core_Door": {
      "bands_hz": [
        63,
        125,
        250,
        500,
        1000,
        2000,
        4000,
        8000
      ],
      "alpha": [
        0.05334572370312317,
        0.022205282835635966,
        0.017435171950211194,
        0.0031718726172309253,
        0.009787867196885555,
        0.024240553002381336,
        0.0,
        0.0
      ]
    },
    "My_Timber_Platform_Dense": {
      "bands_hz": [
        63,
        125,
        250,
        500,
        1000,
        2000,
        4000,
        8000
      ],
      "alpha": [
        0.0353679910622345,
        0.07525994032599839,
        0.029261324952635427,
        0.064597311455281,
        0.02547532476973493,
        0.009324144300740671,
        0.04632701384301169,
        0.06025240625970096
      ]
    },
    "My_Whiteboard_Gloss": {
      "bands_hz": [
        63,
        125,
        250,
        500,
        1000,
        2000,
        4000,
        8000
      ],
      "alpha": [
        0.0,
        0.02492432659975246,
        0.05824847980247222,
        0.06519520154995714,
        0.08617006735989169,
        0.01733002339179337,
        0.0,
        0.0
      ]
    }
  },
  "scatter": {}
}