{
  "My_Plasterboard_Ceiling": {
    "bands_hz": [
      63,
      125,
      250,
      500,
      1000,
      2000,
      4000,
      8000
    ],
    "alpha": [
      0.31861645569922037,
      0.31861645569922037,
      0.31861645569922037,
      0.31861645569922037,
      0.31861645569922037,
      0.31861645569922037,
      0.31861645569922037,
      0.31861645569922037
    ]
  },
  "My_Painted_Plasterboard": {
    "bands_hz": [
      63,
      125,
      250,
      500,
      1000,
      2000,
      4000,
      8000
    ],
    "alpha": [
      0.01,
      0.01,
      0.18858340929684209,
      0.18858340929684209,
      0.18858340929684209,
      0.18858340929684209,
      0.18858340929684209,
      0.4944708426296621
    ]
  },
  "My_Glass_10mm": {
    "bands_hz": [
      63,
      125,
      250,
      500,
      1000,
      2000,
      4000,
      8000
    ],
    "alpha": [
      0.18039841965900888,
      0.18039841965900888,
      0.27437058449692886,
      0.27437058449692886,
      0.27437058449692886,
      0.27437058449692886,
      0.27437058449692886,
      0.27437058449692886
    ]
  },
  "My_Timber_Platform_Dense": {
    "bands_hz": [
      63,
      125,
      250,
      500,
      1000,
      2000,
      4000,
      8000
    ],
    "alpha": [
      0.04065443661442181,
      0.1628413860677987,
      0.1628413860677987,
      0.1628413860677987,
      0.1628413860677987,
      0.1628413860677987,
      0.1628413860677987,
      0.1628413860677987
    ]
  },
  "My_Solid_Core_Door": {
    "bands_hz": [
      63,
      125,
      250,
      500,
      1000,
      2000,
      4000,
      8000
    ],
    "alpha": [
      0.01,
      0.37729788513307405,
      0.37729788513307405,
      0.37729788513307405,
      0.37729788513307405,
      0.37729788513307405,
      0.37729788513307405,
      0.37729788513307405
    ]
  },
  "My_Whiteboard_Gloss": {
    "bands_hz": [
      63,
      125,
      250,
      500,
      1000,
      2000,
      4000,
      8000
    ],
    "alpha": [
      0.01,
      0.01,
      0.01,
      0.06181830574854573,
      0.06181830574854573,
      0.1301100453931453,
      0.1301100453931453,
      0.1301100453931453
    ]
  },
  "My_Linoleum_on_Slab": {
    "bands_hz": [
      63,
      125,
      250,
      500,
      1000,
      2000,
      4000,
      8000
    ],
    "alpha": [
      0.01,
      0.01,
      0.01,
      0.23481250167429443,
      0.23481250167429443,
      0.23481250167429443,
      0.23481250167429443,
      0.5430693277569363
    ]
  }
}