{
  "alpha": {
    "My_Glass_10mm": {
      "bands_hz": [
        63,
        125,
        250,
        500,
        1000,
        2000,
        4000,
        8000
      ],
      "alpha": [
        0.01341379708571773,
        0.007969169291606449,
        0.023279463791581162,
        0.07759546237880705,
        0.012098846647203915,
        0.05851007277203572,
        0.045129931971201236,
        0.013044763025069062
      ]
    },
    "My_Linoleum_on_Slab": {
      "bands_hz": [
        63,
        125,
        250,
        500,
        1000,
        2000,
        4000,
        8000
      ],
      "alpha": [
        0.03755071351212075,
        0.04829503214389705,
        0.0,
        0.05630582558321984,
        0.02333813440072614,
        0.0003324225204855667,
        0.034078159524433924,
        0.023874154690115338
      ]
    },
    "My_Painted_Plasterboard": {
      "bands_hz": [
        63,
        125,
        250,
        500,
        1000,
        2000,
        4000,
        8000
      ],
      "alpha": [
        0.0,
        0.0038700151319653667,
        0.0,
        0.04855245303357806,
        0.04530248552246776,
        0.038246023296444304,
        0.0,
        0.032389472511776145
      ]
    },
    "My_Plasterboard_Ceiling": {
      "bands_hz": [
        63,
        125,
        250,
        500,
        1000,
        2000,
        4000,
        8000
      ],
      "alpha": [
        0.019022981904471208,
        0.0,
        0.019667139506826657,
        0.002212622767438728,
        0.05630266432232843,
        0.06665509350284485,
        0.00548401698289162,
        0.015755521881052184
      ]
    },
    "My_Solid_Core_Door": {
      "bands_hz": [
        63,
        125,
        250,
        500,
        1000,
        2000,
        4000,
        8000
      ],
      "alpha": [
        0.041372726055566716,
        0.06206446267271486,
        0.03780011528712869,
        0.04540690490237901,
        0.03326281117854886,
        0.06280030905316669,
        0.0,
        0.0016019058475713957
      ]
    },
    "My_Timber_Platform_Dense": {
      "bands_hz": [
        63,
        125,
        250,
        500,
        1000,
        2000,
        4000,
        8000
      ],
      "alpha": [
        0.009379459478644464,
        0.0,
        0.054355227020679124,
        0.05761211166305239,
        0.0,
        0.07630527530290954,
        0.0,
        0.0059989646451355585
      ]
    },
    "My_Whiteboard_Gloss": {
      "bands_hz": [
        63,
        125,
        250,
        500,
        1000,
        2000,
        4000,
        8000
      ],
      "alpha": [
        0.0724082804423835,
        0.03348687466036195,
        0.02375897675525619,
        0.03760754571323337,
        0.07932118496283216,
        0.030320538498452957,
        0.017338248688003644,
        0.07574930045038979
      ]
    }
  },
  "scatter": {}
}