{
  "alpha": {
    "My_Glass_10mm": {
      "bands_hz": [
        63,
        125,
        250,
        500,
        1000,
        2000,
        4000,
        8000
      ],
      "alpha": [
        0.15079187222687188,
        0.153453421588988,
        0.11094588680021782,
        0.0,
        0.0,
        0.0,
        0.0,
        0.0
      ]
    },
    "My_Linoleum_on_Slab": {
      "bands_hz": [
        63,
        125,
        250,
        500,
        1000,
        2000,
        4000,
        8000
      ],
      "alpha": [
        0.0,
        0.0,
        0.1513431088086195,
        0.0,
        0.0,
        0.04636315682868651,
        0.00036505343087915587,
        0.10501223156077552
      ]
    },
    "My_Painted_Plasterboard": {
      "bands_hz": [
        63,
        125,
        250,
        500,
        1000,
        2000,
        4000,
        8000
      ],
      "alpha": [
        0.0,
        0.16567034231632496,
        0.10573294698281274,
        0.12505867210933164,
        0.017065398319464704,
        0.10654688342984439,
        0.0,
        0.0
      ]
    },
    "My_Plasterboard_Ceiling": {
      "bands_hz": [
        63,
        125,
        250,
        500,
        1000,
        2000,
        4000,
        8000
      ],
      "alpha": [
        0.06465538787511746,
        0.1398771384896119,
        0.1025991324698866,
        0.16751473182331583,
        0.0,
        0.036159952839148995,
        0.045855073960587814,
        0.08624842950963349
      ]
    },
    "My_Solid_Core_Door": {
      "bands_hz": [
        63,
        125,
        250,
        500,
        1000,
        2000,
        4000,
        8000
      ],
      "alpha": [
        0.22766174271007483,
        0.0,
        0.038609553253404115,
        0.20617251133207454,
        0.0,
        0.07224728641758833,
        0.0,
        0.04137915731026381
      ]
    },
    "My_Timber_Platform_Dense": {
      "bands_hz": [
        63,
        125,
        250,
        500,
        1000,
        2000,
        4000,
        8000
      ],
      "alpha": [
        0.0,
        0.0,
        0.05291027574710626,
        0.0,
        0.0,
        0.12497926937637863,
        0.0,
        0.0
      ]
    },
    "My_Whiteboard_Gloss": {
      "bands_hz": [
        63,
        125,
        250,
        500,
        1000,
        2000,
        4000,
        8000
      ],
      "alpha": [
        0.1266701416168841,
        0.0,
        0.0,
        0.0,
        0.0,
        0.0,
        0.0,
        0.2517514675847183
      ]
    }
  },
  "scatter": {}
}