{
  "alpha": {
    "My_Glass_10mm": {
      "bands_hz": [
        63,
        125,
        250,
        500,
        1000,
        2000,
        4000,
        8000
      ],
      "alpha": [
        0.01,
        0.11445332509654164,
        0.07640270549163566,
        0.01,
        0.01,
        0.01,
        0.01,
        0.01
      ]
    },
    "My_Linoleum_on_Slab": {
      "bands_hz": [
        63,
        125,
        250,
        500,
        1000,
        2000,
        4000,
        8000
      ],
      "alpha": [
        0.01,
        0.01,
        0.2787964449577035,
        0.042964564442471403,
        0.19960192631789742,
        0.16665607108698552,
        0.01,
        0.01
      ]
    },
    "My_Painted_Plasterboard": {
      "bands_hz": [
        63,
        125,
        250,
        500,
        1000,
        2000,
        4000,
        8000
      ],
      "alpha": [
        0.04986031469559867,
        0.05742683030008258,
        0.24942974787816538,
        0.07028846096168297,
        0.01,
        0.051710067031439974,
        0.01,
        0.01
      ]
    },
    "My_Plasterboard_Ceiling": {
      "bands_hz": [
        63,
        125,
        250,
        500,
        1000,
        2000,
        4000,
        8000
      ],
      "alpha": [
        0.012652404281435773,
        0.042872640502944634,
        0.018603695622291513,
        0.01,
        0.01,
        0.19066823106825212,
        0.09115060340962475,
        0.06458770765427452
      ]
    },
    "My_Solid_Core_Door": {
      "bands_hz": [
        63,
        125,
        250,
        500,
        1000,
        2000,
        4000,
        8000
      ],
      "alpha": [
        0.06216579669768182,
        0.01,
        0.02268950901258242,
        0.039473635301154476,
        0.056277605316828516,
        0.01,
        0.08653982923193299,
        0.01
      ]
    },
    "My_Timber_Platform_Dense": {
      "bands_hz": [
        63,
        125,
        250,
        500,
        1000,
        2000,
        4000,
        8000
      ],
      "alpha": [
        0.01,
        0.08871970726451825,
        0.01,
        0.01,
        0.053533169764311314,
        0.11164126885961582,
        0.01,
        0.01
      ]
    },
    "My_Whiteboard_Gloss": {
      "bands_hz": [
        63,
        125,
        250,
        500,
        1000,
        2000,
        4000,
        8000
      ],
      "alpha": [
        0.07853210204146371,
        0.01,
        0.13581041354856477,
        0.09947460575650238,
        0.01,
        0.03223293843808035,
        0.01,
        0.06937887883677368
      ]
    }
  },
  "scatter": {}
}