{
  "My_Glass_10mm": {
    "bands_hz": [
      63,
      125,
      250,
      500,
      1000,
      2000,
      4000,
      8000
    ],
    "alpha": [
      0.2152659607210149,
      0.014492411588085683,
      0.01,
      0.2128666011726552,
      0.08337384434913345,
      0.01,
      0.0404443150388212,
      0.012739071607170522
    ]
  },
  "My_Linoleum_on_Slab": {
    "bands_hz": [
      63,
      125,
      250,
      500,
      1000,
      2000,
      4000,
      8000
    ],
    "alpha": [
      0.1506950501214354,
      0.01,
      0.17441950204649842,
      0.01,
      0.05300487433241983,
      0.01500748138785672,
      0.05651805538234955,
      0.04084946645817651
    ]
  },
  "My_Painted_Plasterboard": {
    "bands_hz": [
      63,
      125,
      250,
      500,
      1000,
      2000,
      4000,
      8000
    ],
    "alpha": [
      0.036332447883749175,
      0.08220820067074278,
      0.16534997588208017,
      0.09362448067803023,
      0.05123658431908017,
      0.01315072078734796,
      0.021187949260640798,
      0.01
    ]
  },
  "My_Plasterboard_Ceiling": {
    "bands_hz": [
      63,
      125,
      250,
      500,
      1000,
      2000,
      4000,
      8000
    ],
    "alpha": [
      0.01,
      0.03451700115933786,
      0.01,
      0.13032104823016702,
      0.010000000000000002,
      0.17903468049560584,
      0.07336745356541648,
      0.01
    ]
  },
  "My_Solid_Core_Door": {
    "bands_hz": [
      63,
      125,
      250,
      500,
      1000,
      2000,
      4000,
      8000
    ],
    "alpha": [
      0.01,
      0.054950308830288404,
      0.040943434229077924,
      0.028424317786830206,
      0.01,
      0.10096084834506316,
      0.06659400965003659,
      0.01
    ]
  },
  "My_Timber_Platform_Dense": {
    "bands_hz": [
      63,
      125,
      250,
      500,
      1000,
      2000,
      4000,
      8000
    ],
    "alpha": [
      0.01,
      0.04337951444411175,
      0.01,
      0.010000000000000002,
      0.01,
      0.01,
      0.09223213876163228,
      0.010000000000000002
    ]
  },
  "My_Whiteboard_Gloss": {
    "bands_hz": [
      63,
      125,
      250,
      500,
      1000,
      2000,
      4000,
      8000
    ],
    "alpha": [
      0.14111836339262002,
      0.12682442485273537,
      0.01,
      0.05101233425454186,
      0.027582749691670592,
      0.15201507326828312,
      0.01709302426555539,
      0.03339264261847324
    ]
  }
}