stage,gen,best
A,0,0.057083
A,1,0.057083
A,2,0.034462
