{
  "alpha": {
    "My_Glass_10mm": {
      "bands_hz": [
        63,
        125,
        250,
        500,
        1000,
        2000,
        4000,
        8000
      ],
      "alpha": [
        0.0,
        0.0,
        0.05031710496565038,
        0.09657877303657798,
        0.01236113944618146,
        0.025261031259849652,
        0.01633048128804956,
        0.0
      ]
    },
    "My_Linoleum_on_Slab": {
      "bands_hz": [
        63,
        125,
        250,
        500,
        1000,
        2000,
        4000,
        8000
      ],
      "alpha": [
        0.07710526862309905,
        0.02370633141177051,
        0.011133916631511875,
        0.060725928648908536,
        0.03516295894586447,
        0.03707252780125738,
        0.06135636001089233,
        0.05029049698584623
      ]
    },
    "My_Painted_Plasterboard": {
      "bands_hz": [
        63,
        125,
        250,
        500,
        1000,
        2000,
        4000,
        8000
      ],
      "alpha": [
        0.006899728687338413,
        0.0,
        0.015113989334461498,
        0.0,
        0.0390905041920035,
        0.028927555491040507,
        0.03132762459844246,
        0.0
      ]
    },
    "My_Plasterboard_Ceiling": {
      "bands_hz": [
        63,
        125,
        250,
        500,
        1000,
        2000,
        4000,
        8000
      ],
      "alpha": [
        6.614965212211818e-05,
        0.058804577872001364,
        0.0,
        0.0,
        0.0,
        0.0,
        0.013498167239560023,
        0.05497625004551443
      ]
    },
    "My_Solid_Core_Door": {
      "bands_hz": [
        63,
        125,
        250,
        500,
        1000,
        2000,
        4000,
        8000
      ],
      "alpha": [
        0.025397437976244334,
        0.02350080872506602,
        0.03977417372568737,
        0.03419076903289896,
        0.021279965020263077,
        0.018487553350478483,
        0.01363909709710881,
        0.10418695648888936
      ]
    },
    "My_Timber_Platform_Dense": {
      "bands_hz": [
        63,
        125,
        250,
        500,
        1000,
        2000,
        4000,
        8000
      ],
      "alpha": [
        0.0,
        0.03445675183030544,
        0.08038373999832717,
        0.04939858809762508,
        0.04079848529543225,
        0.041860201092813076,
        0.061672054815816724,
        0.0
      ]
    },
    "My_Whiteboard_Gloss": {
      "bands_hz": [
        63,
        125,
        250,
        500,
        1000,
        2000,
        4000,
        8000
      ],
      "alpha": [
        0.0012687797443453955,
        0.07824305525662781,
        0.0,
        0.03364836392106046,
        0.05755145732030194,
        0.027600351756021855,
        0.028741631234960787,
        0.04346068878570426
      ]
    }
  },
  "scatter": {}
}