{
  "alpha": {
    "My_Glass_10mm": {
      "bands_hz": [
        63,
        125,
        250,
        500,
        1000,
        2000,
        4000,
        8000
      ],
      "alpha": [
        0.01,
        0.265588516972133,
        0.4088768550780906,
        0.01,
        0.21404500410829053,
        0.01,
        0.01,
        0.01
      ]
    },
    "My_Linoleum_on_Slab": {
      "bands_hz": [
        63,
        125,
        250,
        500,
        1000,
        2000,
        4000,
        8000
      ],
      "alpha": [
        0.17183301247706606,
        0.032137791256371444,
        0.07637971299361715,
        0.09189833137224326,
        0.1792853366186498,
        0.01,
        0.236384711531338,
        0.01
      ]
    },
    "My_Painted_Plasterboard": {
      "bands_hz": [
        63,
        125,
        250,
        500,
        1000,
        2000,
        4000,
        8000
      ],
      "alpha": [
        0.01,
        0.31023471236452227,
        0.33628171361367365,
        0.12300488459007784,
        0.01,
        0.2891676379919129,
        0.01,
        0.7293450446334075
      ]
    },
    "My_Plasterboard_Ceiling": {
      "bands_hz": [
        63,
        125,
        250,
        500,
        1000,
        2000,
        4000,
        8000
      ],
      "alpha": [
        0.01,
        0.060357908019884665,
        0.2648513966844993,
        0.04158030014029359,
        0.10452123845141555,
        0.11807461422138028,
        0.1440774403963022,
        0.07378560208785424
      ]
    },
    "My_Solid_Core_Door": {
      "bands_hz": [
        63,
        125,
        250,
        500,
        1000,
        2000,
        4000,
        8000
      ],
      "alpha": [
        0.01,
        0.10380355279563692,
        0.17663199581486805,
        0.01,
        0.16292245187182933,
        0.01,
        0.01,
        0.027622834492947824
      ]
    },
    "My_Timber_Platform_Dense": {
      "bands_hz": [
        63,
        125,
        250,
        500,
        1000,
        2000,
        4000,
        8000
      ],
      "alpha": [
        0.01,
        0.09779678760308531,
        0.08349866060075752,
        0.01,
        0.09525970470455415,
        0.08915371285252582,
        0.04853269666655052,
        0.1475787817014059
      ]
    },
    "My_Whiteboard_Gloss": {
      "bands_hz": [
        63,
        125,
        250,
        500,
        1000,
        2000,
        4000,
        8000
      ],
      "alpha": [
        0.01,
        0.23187961748426011,
        0.04202211905724437,
        0.01,
        0.11322209643775971,
        0.01,
        0.01,
        0.01
      ]
    }
  },
  "scatter": {}
}