{
  "alpha": {
    "My_Glass_10mm": {
      "bands_hz": [
        63,
        125,
        250,
        500,
        1000,
        2000,
        4000,
        8000
      ],
      "alpha": [
        0.15079187222687188,
        0.153453421588988,
        0.15983714950737987,
        0.0,
        0.0,
        0.0,
        0.0,
        0.0
      ]
    },
    "My_Linoleum_on_Slab": {
      "bands_hz": [
        63,
        125,
        250,
        500,
        1000,
        2000,
        4000,
        8000
      ],
      "alpha": [
        0.0,
        0.0,
        0.1513431088086195,
        0.0,
        0.0,
        0.04636315682868651,
        0.11930512025890275,
        0.10501223156077552
      ]
    },
    "My_Painted_Plasterboard": {
      "bands_hz": [
        63,
        125,
        250,
        500,
        1000,
        2000,
        4000,
        8000
      ],
      "alpha": [
        0.0,
        0.14349670382072335,
        0.10573294698281274,
        0.07174319040885868,
        0.017065398319464704,
        0.10654688342984439,
        0.0,
        0.0
      ]
    },
    "My_Plasterboard_Ceiling": {
      "bands_hz": [
        63,
        125,
        250,
        500,
        1000,
        2000,
        4000,
        8000
      ],
      "alpha": [
        0.06465538787511746,
        0.27609119408901683,
        0.1025991324698866,
        0.18222176291883657,
        0.0,
        0.036159952839148995,
        0.045855073960587814,
        0.17175119733950264
      ]
    },
    "My_Solid_Core_Door": {
      "bands_hz": [
        63,
        125,
        250,
        500,
        1000,
        2000,
        4000,
        8000
      ],
      "alpha": [
        0.22766174271007483,
        0.0,
        0.0,
        0.20617251133207454,
        0.0,
        0.07224728641758833,
        0.0,
        0.0
      ]
    },
    "My_Timber_Platform_Dense": {
      "bands_hz": [
        63,
        125,
        250,
        500,
        1000,
        2000,
        4000,
        8000
      ],
      "alpha": [
        0.0,
        0.0,
        0.05291027574710626,
        0.0,
        0.0,
        0.04884826559309692,
        0.0,
        0.0
      ]
    },
    "My_Whiteboard_Gloss": {
      "bands_hz": [
        63,
        125,
        250,
        500,
        1000,
        2000,
        4000,
        8000
      ],
      "alpha": [
        0.1266701416168841,
        0.0,
        0.0,
        0.0,
        0.0,
        0.0,
        0.0,
        0.2517514675847183
      ]
    }
  },
  "scatter": {}
}