{
  "alpha": {
    "My_Glass_10mm": {
      "bands_hz": [
        63,
        125,
        250,
        500,
        1000,
        2000,
        4000,
        8000
      ],
      "alpha": [
        0.04359485960346626,
        0.009831435736544113,
        0.04810411110426987,
        0.026443962268881478,
        0.0014452778100644825,
        0.060599314826477096,
        0.03407450469584031,
        0.026509899355900857
      ]
    },
    "My_Linoleum_on_Slab": {
      "bands_hz": [
        63,
        125,
        250,
        500,
        1000,
        2000,
        4000,
        8000
      ],
      "alpha": [
        0.05236584339229509,
        0.04539428990921818,
        0.0,
        0.004954220060698861,
        0.0031989941017495256,
        0.02449359635712397,
        0.06273332892494263,
        0.023339144339294272
      ]
    },
    "My_Painted_Plasterboard": {
      "bands_hz": [
        63,
        125,
        250,
        500,
        1000,
        2000,
        4000,
        8000
      ],
      "alpha": [
        0.030654765770292275,
        0.018790096091221876,
        0.06882841450738444,
        0.027910752678752357,
        0.018341821230113162,
        0.04292441600523273,
        0.016959634000714607,
        0.0
      ]
    },
    "My_Plasterboard_Ceiling": {
      "bands_hz": [
        63,
        125,
        250,
        500,
        1000,
        2000,
        4000,
        8000
      ],
      "alpha": [
        0.0,
        0.06444162983048,
        0.0011479269757236205,
        0.04830554833659827,
        0.04895299579000411,
        0.04752347941728803,
        0.0,
        0.06885759663584425
      ]
    },
    "My_Solid_Core_Door": {
      "bands_hz": [
        63,
        125,
        250,
        500,
        1000,
        2000,
        4000,
        8000
      ],
      "alpha": [
        0.0,
        0.07025418825372837,
        0.00336904885721645,
        0.02913662641993623,
        0.0,
        0.01884261063360307,
        0.0718076243775749,
        0.01907224063859704
      ]
    },
    "My_Timber_Platform_Dense": {
      "bands_hz": [
        63,
        125,
        250,
        500,
        1000,
        2000,
        4000,
        8000
      ],
      "alpha": [
        0.05189392805674528,
        0.06225929085743363,
        0.05316245743367139,
        0.0,
        0.035720309410667665,
        0.023319603805033347,
        0.0,
        0.03802923956825025
      ]
    },
    "My_Whiteboard_Gloss": {
      "bands_hz": [
        63,
        125,
        250,
        500,
        1000,
        2000,
        4000,
        8000
      ],
      "alpha": [
        0.022026679994569656,
        0.01915655335115883,
        0.05236948515741885,
        0.02366884413904991,
        0.015851194580853878,
        0.021501787227435315,
        0.0,
        0.013801631550035297
      ]
    }
  },
  "scatter": {}
}