{
  "My_Glass_10mm": {
    "bands_hz": [
      63,
      125,
      250,
      500,
      1000,
      2000,
      4000,
      8000
    ],
    "alpha": [
      0.07549396647809861,
      0.08645301197895108,
      0.08515610233826348,
      0.026916719221630685,
      0.11105938287056794,
      0.10175650765282857,
      0.07289980511725633,
      0.08473061398671636
    ]
  },
  "My_Linoleum_on_Slab": {
    "bands_hz": [
      63,
      125,
      250,
      500,
      1000,
      2000,
      4000,
      8000
    ],
    "alpha": [
      0.06978771873689851,
      0.060216725660146096,
      0.050595723302882034,
      0.05252210134714122,
      0.0764805775456042,
      0.12648873887024562,
      0.0442885477540031,
      0.01
    ]
  },
  "My_Painted_Plasterboard": {
    "bands_hz": [
      63,
      125,
      250,
      500,
      1000,
      2000,
      4000,
      8000
    ],
    "alpha": [
      0.03319664321798131,
      0.14720162833101422,
      0.04499843356927463,
      0.06485192746039235,
      0.013212215501744208,
      0.04870289510399638,
      0.1363733350487886,
      0.010000000000000002
    ]
  },
  "My_Plasterboard_Ceiling": {
    "bands_hz": [
      63,
      125,
      250,
      500,
      1000,
      2000,
      4000,
      8000
    ],
    "alpha": [
      0.07034614972803545,
      0.01,
      0.01,
      0.05979663064973468,
      0.13286918510455625,
      0.025614053339154147,
      0.010000000000000002,
      0.01
    ]
  },
  "My_Solid_Core_Door": {
    "bands_hz": [
      63,
      125,
      250,
      500,
      1000,
      2000,
      4000,
      8000
    ],
    "alpha": [
      0.01,
      0.08414530993706999,
      0.01,
      0.06188993240281913,
      0.08155744701949487,
      0.10646045125921663,
      0.04166895654926211,
      0.11520361538970776
    ]
  },
  "My_Timber_Platform_Dense": {
    "bands_hz": [
      63,
      125,
      250,
      500,
      1000,
      2000,
      4000,
      8000
    ],
    "alpha": [
      0.09660905403814352,
      0.040111047181276185,
      0.011417707350535728,
      0.08916743768301753,
      0.12287844699658895,
      0.03490435966350119,
      0.01,
      0.0161987818272284
    ]
  },
  "My_Whiteboard_Gloss": {
    "bands_hz": [
      63,
      125,
      250,
      500,
      1000,
      2000,
      4000,
      8000
    ],
    "alpha": [
      0.030920801236979045,
      0.10965095462411606,
      0.09074801437399152,
      0.05166115494801382,
      0.01,
      0.08933565525058762,
      0.06198426167033973,
      0.01
    ]
  }
}