receiver,metric,band_hz,target,prediction
R_00x20y,t20,63,2.7314456450549325,1.8707190707763866
R_00x20y,t20,125,5.643971212346544,2.0311825561384693
R_00x20y,t20,250,2.211440041572608,2.216749978826694
R_00x20y,t20,500,2.1185543566886302,2.2104827881245828
R_00x20y,t20,1000,1.8779081891794835,2.0825494893713707
R_00x20y,t20,2000,2.0188694891591314,2.036487603150302
R_00x20y,t20,4000,1.7492404436901166,1.7577178074733775
R_00x20y,t20,8000,1.1546544929687,1.1963553445046247
R_15x40y,t20,63,2.4042264479123165,2.0904158462596016
R_15x40y,t20,125,5.24870473061876,2.250915217866159
R_15x40y,t20,250,2.2362975029086773,2.245283589819257
R_15x40y,t20,500,2.04183443304955,2.2462447889119446
R_15x40y,t20,1000,1.8425500081023867,2.0922035337819107
R_15x40y,t20,2000,1.975355402317205,2.0518427486802566
R_15x40y,t20,4000,1.6921628899740322,1.8401738429876677
R_15x40y,t20,8000,1.1413500485963997,1.1956726443459558
R_30x00y,t20,63,2.5228254703312136,1.5355450344515287
R_30x00y,t20,125,4.5181704440481925,1.965604900249549
R_30x00y,t20,250,2.5270500732315675,2.4287682483652597
R_30x00y,t20,500,2.0474574192894757,2.242036525658988
R_30x00y,t20,1000,1.900576150470351,2.0216154144236738
R_30x00y,t20,2000,1.9494637000876818,2.0336329271845703
R_30x00y,t20,4000,1.7283309144215306,1.8177293641545995
R_30x00y,t20,8000,1.1190407202398613,1.2040631325189455
R_40x30y,t20,63,2.408793926515104,1.9742484405662968
R_40x30y,t20,250,2.3088797109074415,2.1096843995314725
R_40x30y,t20,500,2.269310960562598,2.2667297681633447
R_40x30y,t20,1000,1.906945453642093,2.1829992082240652
R_40x30y,t20,2000,2.00015735657735,2.0527576241201855
R_40x30y,t20,4000,1.7134505406232012,1.7994212189031193
R_40x30y,t20,8000,1.1538209280348974,1.212315204520126
R_60x15y,t20,63,2.482007554301767,1.8423074334793765
R_60x15y,t20,125,6.203911889674429,2.1382993193130866
R_60x15y,t20,250,2.1605912368237647,2.1865767860519116
R_60x15y,t20,500,2.1601015400130805,2.1777234711732896
R_60x15y,t20,1000,1.9201734173887237,2.1258904623796657
R_60x15y,t20,2000,2.0170344827541955,2.06303447028258
R_60x15y,t20,4000,1.7365657787420206,1.7806201470435468
R_60x15y,t20,8000,1.1573123959465188,1.18324267167791
