{
  "My_Glass_10mm": {
    "bands_hz": [
      63,
      125,
      250,
      500,
      1000,
      2000,
      4000,
      8000
    ],
    "alpha": [
      0.06013696217443243,
      0.01,
      0.09985259968590696,
      0.01,
      0.01155770218089978,
      0.01,
      0.05132479938209446,
      0.4370337501122701
    ]
  },
  "My_Linoleum_on_Slab": {
    "bands_hz": [
      63,
      125,
      250,
      500,
      1000,
      2000,
      4000,
      8000
    ],
    "alpha": [
      0.01,
      0.01,
      0.06083985512922074,
      0.01,
      0.01,
      0.06806789968863805,
      0.01,
      0.01
    ]
  },
  "My_Painted_Plasterboard": {
    "bands_hz": [
      63,
      125,
      250,
      500,
      1000,
      2000,
      4000,
      8000
    ],
    "alpha": [
      0.01,
      0.2086069670251834,
      0.435356342813947,
      0.01,
      0.01,
      0.04109021179906152,
      0.01,
      0.08654073601114379
    ]
  },
  "My_Plasterboard_Ceiling": {
    "bands_hz": [
      63,
      125,
      250,
      500,
      1000,
      2000,
      4000,
      8000
    ],
    "alpha": [
      0.01,
      0.11532857227919609,
      0.01,
      0.06138865526028086,
      0.01,
      0.01,
      0.022399667675412106,
      0.01
    ]
  },
  "My_Solid_Core_Door": {
    "bands_hz": [
      63,
      125,
      250,
      500,
      1000,
      2000,
      4000,
      8000
    ],
    "alpha": [
      0.01,
      0.01,
      0.20741056748195663,
      0.09980170900114113,
      0.01,
      0.01,
      0.01,
      0.23088768253072794
    ]
  },
  "My_Timber_Platform_Dense": {
    "bands_hz": [
      63,
      125,
      250,
      500,
      1000,
      2000,
      4000,
      8000
    ],
    "alpha": [
      0.02987610131239384,
      0.01,
      0.2042846967809596,
      0.01,
      0.33363623883363747,
      0.1943735371464057,
      0.01,
      0.01
    ]
  },
  "My_Whiteboard_Gloss": {
    "bands_hz": [
      63,
      125,
      250,
      500,
      1000,
      2000,
      4000,
      8000
    ],
    "alpha": [
      0.01,
      0.16407004158723154,
      0.0653757883059542,
      0.21109512709377592,
      0.025886648989044258,
      0.01,
      0.01,
      0.01
    ]
  }
}