{
  "My_Glass_10mm": {
    "bands_hz": [
      63,
      125,
      250,
      500,
      1000,
      2000,
      4000,
      8000
    ],
    "alpha": [
      0.18689593573437974,
      0.010499567677918025,
      0.09489204119019398,
      0.1527941620414119,
      0.03967376569930628,
      0.0,
      0.2192624313678548,
      0.0
    ]
  },
  "My_Linoleum_on_Slab": {
    "bands_hz": [
      63,
      125,
      250,
      500,
      1000,
      2000,
      4000,
      8000
    ],
    "alpha": [
      0.0,
      0.1747088450595755,
      0.14546483945959593,
      0.0,
      0.0,
      0.0,
      0.0,
      0.0
    ]
  },
  "My_Painted_Plasterboard": {
    "bands_hz": [
      63,
      125,
      250,
      500,
      1000,
      2000,
      4000,
      8000
    ],
    "alpha": [
      0.0,
      0.0,
      0.0,
      0.0,
      0.08644317850182151,
      0.038537753951870764,
      0.0,
      0.0
    ]
  },
  "My_Plasterboard_Ceiling": {
    "bands_hz": [
      63,
      125,
      250,
      500,
      1000,
      2000,
      4000,
      8000
    ],
    "alpha": [
      0.21339671675792313,
      0.09349635255283502,
      0.07417251113415035,
      0.052240608681555306,
      0.008029617641336008,
      0.014570321237588396,
      0.11268688313418904,
      0.06669142677254866
    ]
  },
  "My_Solid_Core_Door": {
    "bands_hz": [
      63,
      125,
      250,
      500,
      1000,
      2000,
      4000,
      8000
    ],
    "alpha": [
      0.07879133166606911,
      0.0,
      0.0,
      0.0,
      0.0723194371804934,
      0.07156088061434815,
      0.004809101058754449,
      0.0735288058284474
    ]
  },
  "My_Timber_Platform_Dense": {
    "bands_hz": [
      63,
      125,
      250,
      500,
      1000,
      2000,
      4000,
      8000
    ],
    "alpha": [
      0.12464713592953637,
      0.020583093613074845,
      0.15203995449753183,
      0.0,
      0.0,
      0.31603735724671955,
      0.11543759467669987,
      0.0
    ]
  },
  "My_Whiteboard_Gloss": {
    "bands_hz": [
      63,
      125,
      250,
      500,
      1000,
      2000,
      4000,
      8000
    ],
    "alpha": [
      0.031694520332463255,
      0.07449444398419702,
      0.0,
      0.0,
      0.015851274146508883,
      0.0,
      0.18294171379960536,
      0.030218366459518642
    ]
  }
}