stage,gen,best
A,0,0.324602
A,1,0.324602
