{
  "alpha": {
    "My_Glass_10mm": {
      "bands_hz": [
        63,
        125,
        250,
        500,
        1000,
        2000,
        4000,
        8000
      ],
      "alpha": [
        0.033252178767760925,
        0.03728887493690555,
        0.06612112644419248,
        0.027015805086020334,
        0.011664247145101423,
        0.012264906534165086,
        0.0,
        0.033316332611675235
      ]
    },
    "My_Linoleum_on_Slab": {
      "bands_hz": [
        63,
        125,
        250,
        500,
        1000,
        2000,
        4000,
        8000
      ],
      "alpha": [
        0.0567808393937084,
        0.046516435934174774,
        0.055077293925988584,
        0.0010180680613321447,
        0.08848640450077178,
        0.02781476658212459,
        0.0,
        0.0824831481225716
      ]
    },
    "My_Painted_Plasterboard": {
      "bands_hz": [
        63,
        125,
        250,
        500,
        1000,
        2000,
        4000,
        8000
      ],
      "alpha": [
        0.052065166890482906,
        0.0,
        0.0,
        0.04623883054136403,
        0.01836270236900374,
        0.019259797607382605,
        0.0523907428412421,
        0.09892667969500109
      ]
    },
    "My_Plasterboard_Ceiling": {
      "bands_hz": [
        63,
        125,
        250,
        500,
        1000,
        2000,
        4000,
        8000
      ],
      "alpha": [
        0.06411464054414936,
        0.031845435117134585,
        0.031769332805349645,
        0.11202852096973509,
        0.050422006528527075,
        0.019258213477748663,
        0.0,
        0.03616444806854025
      ]
    },
    "My_Solid_Core_Door": {
      "bands_hz": [
        63,
        125,
        250,
        500,
        1000,
        2000,
        4000,
        8000
      ],
      "alpha": [
        0.004873796437762784,
        0.044808393996951634,
        0.0649476513585128,
        0.05813927894628903,
        0.029586935538742785,
        0.0018694296826068275,
        0.07048007888844891,
        0.0
      ]
    },
    "My_Timber_Platform_Dense": {
      "bands_hz": [
        63,
        125,
        250,
        500,
        1000,
        2000,
        4000,
        8000
      ],
      "alpha": [
        0.06676820353675796,
        0.031916264283899085,
        0.023785499730119862,
        0.052976522317818533,
        0.012832020378819961,
        0.08194810823915523,
        0.05761185409672115,
        0.002164980499497555
      ]
    },
    "My_Whiteboard_Gloss": {
      "bands_hz": [
        63,
        125,
        250,
        500,
        1000,
        2000,
        4000,
        8000
      ],
      "alpha": [
        0.012507049725295524,
        0.01005828108560473,
        0.0,
        0.043471689980704116,
        0.050209605784410374,
        0.002390925380929599,
        0.010881631909433795,
        0.07926495637450404
      ]
    }
  },
  "scatter": {}
}