{
  "My_Glass_10mm": {
    "bands_hz": [
      63,
      125,
      250,
      500,
      1000,
      2000,
      4000,
      8000
    ],
    "alpha": [
      0.0,
      0.05269626828172512,
      0.0,
      0.0951555204945287,
      0.116720433503293,
      0.08394332434601984,
      0.0,
      0.0
    ]
  },
  "My_Linoleum_on_Slab": {
    "bands_hz": [
      63,
      125,
      250,
      500,
      1000,
      2000,
      4000,
      8000
    ],
    "alpha": [
      0.0,
      0.10446991496984058,
      0.0,
      0.047907177226927666,
      0.04584956087686929,
      0.1234284219527851,
      0.029867388474310665,
      0.07888023633093434
    ]
  },
  "My_Painted_Plasterboard": {
    "bands_hz": [
      63,
      125,
      250,
      500,
      1000,
      2000,
      4000,
      8000
    ],
    "alpha": [
      0.0,
      0.04412084709421812,
      0.05375920448142675,
      0.0,
      0.18568878126441055,
      0.0,
      0.11229112472833755,
      0.0
    ]
  },
  "My_Plasterboard_Ceiling": {
    "bands_hz": [
      63,
      125,
      250,
      500,
      1000,
      2000,
      4000,
      8000
    ],
    "alpha": [
      0.0,
      0.06046183480099662,
      0.036974437223597015,
      0.08912982380188117,
      0.0,
      0.08116144653488533,
      0.09628875205682615,
      0.0
    ]
  },
  "My_Solid_Core_Door": {
    "bands_hz": [
      63,
      125,
      250,
      500,
      1000,
      2000,
      4000,
      8000
    ],
    "alpha": [
      0.0,
      0.22109388726192794,
      0.03648447541468497,
      0.09323894054662701,
      0.03780223899590035,
      0.045724678046449405,
      0.0,
      0.0
    ]
  },
  "My_Timber_Platform_Dense": {
    "bands_hz": [
      63,
      125,
      250,
      500,
      1000,
      2000,
      4000,
      8000
    ],
    "alpha": [
      0.042091314615148985,
      0.10368170875097402,
      0.12951940274336832,
      0.0,
      0.0,
      0.06936418427679768,
      0.038616078082911,
      0.12931064002005951
    ]
  },
  "My_Whiteboard_Gloss": {
    "bands_hz": [
      63,
      125,
      250,
      500,
      1000,
      2000,
      4000,
      8000
    ],
    "alpha": [
      0.0894838533945618,
      0.0,
      0.1796290154752914,
      0.0,
      0.0,
      0.21502660309034702,
      0.11519323498495795,
      0.22723517365987456
    ]
  }
}