{
  "My_Glass_10mm": {
    "bands_hz": [
      63,
      125,
      250,
      500,
      1000,
      2000,
      4000,
      8000
    ],
    "alpha": [
      0.01,
      0.28170585359752087,
      0.01,
      0.023824565382959406,
      0.22986705909202249,
      0.01,
      0.01,
      0.25963880597506195
    ]
  },
  "My_Linoleum_on_Slab": {
    "bands_hz": [
      63,
      125,
      250,
      500,
      1000,
      2000,
      4000,
      8000
    ],
    "alpha": [
      0.16277814277888755,
      0.01,
      0.01,
      0.039804781633724876,
      0.10150118620892852,
      0.01,
      0.097638688360593,
      0.01
    ]
  },
  "My_Painted_Plasterboard": {
    "bands_hz": [
      63,
      125,
      250,
      500,
      1000,
      2000,
      4000,
      8000
    ],
    "alpha": [
      0.01,
      0.011294721335698633,
      0.01,
      0.022814135564227036,
      0.01,
      0.0468786904953499,
      0.3057346860458935,
      0.1366755030585302
    ]
  },
  "My_Plasterboard_Ceiling": {
    "bands_hz": [
      63,
      125,
      250,
      500,
      1000,
      2000,
      4000,
      8000
    ],
    "alpha": [
      0.01,
      0.22748769584913583,
      0.01,
      0.01,
      0.01,
      0.01,
      0.11158151706334685,
      0.01
    ]
  },
  "My_Solid_Core_Door": {
    "bands_hz": [
      63,
      125,
      250,
      500,
      1000,
      2000,
      4000,
      8000
    ],
    "alpha": [
      0.01,
      0.01,
      0.01,
      0.35708913551334565,
      0.01,
      0.01397161884324473,
      0.5999913067422143,
      0.01
    ]
  },
  "My_Timber_Platform_Dense": {
    "bands_hz": [
      63,
      125,
      250,
      500,
      1000,
      2000,
      4000,
      8000
    ],
    "alpha": [
      0.01,
      0.01,
      0.01,
      0.02356795803772041,
      0.01,
      0.01,
      0.01,
      0.01
    ]
  },
  "My_Whiteboard_Gloss": {
    "bands_hz": [
      63,
      125,
      250,
      500,
      1000,
      2000,
      4000,
      8000
    ],
    "alpha": [
      0.01,
      0.32460818505460065,
      0.01,
      0.01,
      0.01,
      0.014494904288420015,
      0.1405498759001308,
      0.01
    ]
  }
}