stage,gen,best
B,0,0.324602
B,1,0.324602
B,2,0.324602
B,3,0.324602
B,4,0.324602
