{
  "alpha": {
    "My_Glass_10mm": {
      "bands_hz": [
        63,
        125,
        250,
        500,
        1000,
        2000,
        4000,
        8000
      ],
      "alpha": [
        0.01764647032751128,
        0.0,
        0.007884904804611226,
        0.0,
        0.047332635242305125,
        0.025894327139187698,
        0.0,
        0.10133775948065332
      ]
    },
    "My_Linoleum_on_Slab": {
      "bands_hz": [
        63,
        125,
        250,
        500,
        1000,
        2000,
        4000,
        8000
      ],
      "alpha": [
        0.011629299329907049,
        0.0,
        0.061143643136630094,
        0.026780628706231775,
        0.026677606226388387,
        0.0,
        0.001649944961042392,
        0.08857897954647366
      ]
    },
    "My_Painted_Plasterboard": {
      "bands_hz": [
        63,
        125,
        250,
        500,
        1000,
        2000,
        4000,
        8000
      ],
      "alpha": [
        0.015276952558585794,
        0.0,
        0.010709638970964979,
        0.04344931638127225,
        0.03547461928019698,
        0.04359220438404253,
        0.0007874443392143632,
        0.0
      ]
    },
    "My_Plasterboard_Ceiling": {
      "bands_hz": [
        63,
        125,
        250,
        500,
        1000,
        2000,
        4000,
        8000
      ],
      "alpha": [
        0.0025559789661209996,
        0.07193595259817381,
        0.008282137900454047,
        0.028646220339977334,
        0.0,
        0.10889974480222095,
        0.028396473838840215,
        0.02666890503520406
      ]
    },
    "My_Solid_Core_Door": {
      "bands_hz": [
        63,
        125,
        250,
        500,
        1000,
        2000,
        4000,
        8000
      ],
      "alpha": [
        0.003183693843422857,
        0.0,
        0.021334507835808675,
        0.0019545149502724624,
        0.039805277312269814,
        0.06333440247730104,
        0.0,
        0.003986152489053912
      ]
    },
    "My_Timber_Platform_Dense": {
      "bands_hz": [
        63,
        125,
        250,
        500,
        1000,
        2000,
        4000,
        8000
      ],
      "alpha": [
        0.04003656154645763,
        0.03941558562155348,
        0.0,
        0.0,
        0.03911831221717524,
        0.10701845862630043,
        0.006837040770493994,
        0.02237535218003623
      ]
    },
    "My_Whiteboard_Gloss": {
      "bands_hz": [
        63,
        125,
        250,
        500,
        1000,
        2000,
        4000,
        8000
      ],
      "alpha": [
        0.03161269138303621,
        0.014315971262852969,
        9.628149798402222e-05,
        0.04031000701271535,
        0.016288019319918263,
        0.02588797628114915,
        0.03986006804745364,
        0.0
      ]
    }
  },
  "scatter": {}
}