{
  "alpha": {
    "My_Glass_10mm": {
      "bands_hz": [
        63,
        125,
        250,
        500,
        1000,
        2000,
        4000,
        8000
      ],
      "alpha": [
        0.01,
        0.01,
        0.0936848742508114,
        0.07123609613026026,
        0.08900861789179763,
        0.01,
        0.054501362704745496,
        0.04421302112725921
      ]
    },
    "My_Linoleum_on_Slab": {
      "bands_hz": [
        63,
        125,
        250,
        500,
        1000,
        2000,
        4000,
        8000
      ],
      "alpha": [
        0.11575585961125917,
        0.17028909878881954,
        0.01,
        0.01,
        0.01,
        0.09922209208492717,
        0.055409534062326904,
        0.01
      ]
    },
    "My_Painted_Plasterboard": {
      "bands_hz": [
        63,
        125,
        250,
        500,
        1000,
        2000,
        4000,
        8000
      ],
      "alpha": [
        0.01,
        0.13167713075047746,
        0.04032697531885599,
        0.18450963468026327,
        0.109552115456859,
        0.01,
        0.01,
        0.09078829784385398
      ]
    },
    "My_Plasterboard_Ceiling": {
      "bands_hz": [
        63,
        125,
        250,
        500,
        1000,
        2000,
        4000,
        8000
      ],
      "alpha": [
        0.01,
        0.06431297392371296,
        0.01,
        0.13118867980533902,
        0.01,
        0.07772355626264005,
        0.01,
        0.01
      ]
    },
    "My_Solid_Core_Door": {
      "bands_hz": [
        63,
        125,
        250,
        500,
        1000,
        2000,
        4000,
        8000
      ],
      "alpha": [
        0.08834599612866847,
        0.23233260187100666,
        0.01,
        0.01,
        0.01,
        0.01,
        0.08816239838565815,
        0.10325161632191288
      ]
    },
    "My_Timber_Platform_Dense": {
      "bands_hz": [
        63,
        125,
        250,
        500,
        1000,
        2000,
        4000,
        8000
      ],
      "alpha": [
        0.01,
        0.01,
        0.14221445704466193,
        0.01,
        0.1040440949969525,
        0.01,
        0.28160013109268633,
        0.01
      ]
    },
    "My_Whiteboard_Gloss": {
      "bands_hz": [
        63,
        125,
        250,
        500,
        1000,
        2000,
        4000,
        8000
      ],
      "alpha": [
        0.01,
        0.028946385885433933,
        0.01,
        0.21029885878259255,
        0.01,
        0.026050202917609323,
        0.18300960535714775,
        0.01
      ]
    }
  },
  "scatter": {}
}