{
  "alpha": {
    "My_Glass_10mm": {
      "bands_hz": [
        63,
        125,
        250,
        500,
        1000,
        2000,
        4000,
        8000
      ],
      "alpha": [
        0.054681585824153625,
        0.015863584537544537,
        0.0293722966854672,
        0.04011894345327936,
        0.1794710718298817,
        0.01,
        0.01,
        0.01
      ]
    },
    "My_Linoleum_on_Slab": {
      "bands_hz": [
        63,
        125,
        250,
        500,
        1000,
        2000,
        4000,
        8000
      ],
      "alpha": [
        0.01,
        0.07690039443105517,
        0.07002870190539248,
        0.08650355790166035,
        0.01,
        0.01,
        0.11864322374407435,
        0.01
      ]
    },
    "My_Painted_Plasterboard": {
      "bands_hz": [
        63,
        125,
        250,
        500,
        1000,
        2000,
        4000,
        8000
      ],
      "alpha": [
        0.1308047917103658,
        0.035964014010077316,
        0.14848033092814467,
        0.11017704677603993,
        0.1079761948092906,
        0.054113237579239984,
        0.01,
        0.07783956911217885
      ]
    },
    "My_Plasterboard_Ceiling": {
      "bands_hz": [
        63,
        125,
        250,
        500,
        1000,
        2000,
        4000,
        8000
      ],
      "alpha": [
        0.01,
        0.01,
        0.048966718418440885,
        0.01,
        0.2345904640412633,
        0.24982594608374742,
        0.03561376373223991,
        0.13118555186547026
      ]
    },
    "My_Solid_Core_Door": {
      "bands_hz": [
        63,
        125,
        250,
        500,
        1000,
        2000,
        4000,
        8000
      ],
      "alpha": [
        0.09710069780722506,
        0.07156978623526297,
        0.04010572798308778,
        0.01,
        0.01,
        0.022848721160445975,
        0.01,
        0.01
      ]
    },
    "My_Timber_Platform_Dense": {
      "bands_hz": [
        63,
        125,
        250,
        500,
        1000,
        2000,
        4000,
        8000
      ],
      "alpha": [
        0.01,
        0.14316887766950537,
        0.01,
        0.2522304379219004,
        0.01,
        0.01,
        0.11211292353423272,
        0.01
      ]
    },
    "My_Whiteboard_Gloss": {
      "bands_hz": [
        63,
        125,
        250,
        500,
        1000,
        2000,
        4000,
        8000
      ],
      "alpha": [
        0.01,
        0.01,
        0.01,
        0.018868404588426202,
        0.01,
        0.226154801643945,
        0.04065829903624868,
        0.06503654767931176
      ]
    }
  },
  "scatter": {},
  "bands_hz": [
    63,
    125,
    250,
    500,
    1000,
    2000,
    4000,
    8000
  ],
  "materials": [
    "My_Glass_10mm",
    "My_Linoleum_on_Slab",
    "My_Painted_Plasterboard",
    "My_Plasterboard_Ceiling",
    "My_Solid_Core_Door",
    "My_Timber_Platform_Dense",
    "My_Whiteboard_Gloss"
  ],
  "scatter_keys": [],
  "timestamp": "20251115_183924",
  "notes": "Stage-A absorption then Stage-B scattering; central GA folder + params handoff; parallel+cache+checkpoint+earlystop"
}