{
  "alpha": {
    "My_Glass_10mm": {
      "bands_hz": [
        63,
        125,
        250,
        500,
        1000,
        2000,
        4000,
        8000
      ],
      "alpha": [
        0.17041097212455555,
        0.01,
        0.01,
        0.01,
        0.06012797156414591,
        0.1692006759684199,
        0.3114547643961465,
        0.01
      ]
    },
    "My_Linoleum_on_Slab": {
      "bands_hz": [
        63,
        125,
        250,
        500,
        1000,
        2000,
        4000,
        8000
      ],
      "alpha": [
        0.01,
        0.01,
        0.023794040089198783,
        0.01,
        0.19196256310518098,
        0.01,
        0.01,
        0.01
      ]
    },
    "My_Painted_Plasterboard": {
      "bands_hz": [
        63,
        125,
        250,
        500,
        1000,
        2000,
        4000,
        8000
      ],
      "alpha": [
        0.01,
        0.01,
        0.11661211254661578,
        0.01,
        0.01,
        0.16645420144574816,
        0.029414263093415292,
        0.23790767641460434
      ]
    },
    "My_Plasterboard_Ceiling": {
      "bands_hz": [
        63,
        125,
        250,
        500,
        1000,
        2000,
        4000,
        8000
      ],
      "alpha": [
        0.01,
        0.01,
        0.11483006765738171,
        0.01,
        0.1883223851431192,
        0.01,
        0.3502935886421559,
        0.01
      ]
    },
    "My_Solid_Core_Door": {
      "bands_hz": [
        63,
        125,
        250,
        500,
        1000,
        2000,
        4000,
        8000
      ],
      "alpha": [
        0.0510243057647376,
        0.3005873185126534,
        0.01,
        0.06479694545185755,
        0.11809449343299026,
        0.01,
        0.2869280299706908,
        0.08383773955693077
      ]
    },
    "My_Timber_Platform_Dense": {
      "bands_hz": [
        63,
        125,
        250,
        500,
        1000,
        2000,
        4000,
        8000
      ],
      "alpha": [
        0.01,
        0.036303280276676446,
        0.08084829713746675,
        0.18449250975230996,
        0.1209677734155298,
        0.01,
        0.01,
        0.01
      ]
    },
    "My_Whiteboard_Gloss": {
      "bands_hz": [
        63,
        125,
        250,
        500,
        1000,
        2000,
        4000,
        8000
      ],
      "alpha": [
        0.10308334968131655,
        0.01,
        0.05146972393948222,
        0.01,
        0.21005223738356105,
        0.01,
        0.5705013152718335,
        0.38327141689437394
      ]
    }
  },
  "scatter": {}
}