{
  "alpha": {
    "My_Glass_10mm": {
      "bands_hz": [
        63,
        125,
        250,
        500,
        1000,
        2000,
        4000,
        8000
      ],
      "alpha": [
        0.22208907558144594,
        0.01,
        0.01,
        0.12845020951140887,
        0.01,
        0.27801301165124626,
        0.01,
        0.144307391477763
      ]
    },
    "My_Linoleum_on_Slab": {
      "bands_hz": [
        63,
        125,
        250,
        500,
        1000,
        2000,
        4000,
        8000
      ],
      "alpha": [
        0.11473788842106339,
        0.01,
        0.054345385913659304,
        0.01,
        0.2771245559345522,
        0.18242080382475467,
        0.01,
        0.25494774857889174
      ]
    },
    "My_Painted_Plasterboard": {
      "bands_hz": [
        63,
        125,
        250,
        500,
        1000,
        2000,
        4000,
        8000
      ],
      "alpha": [
        0.06801691535348622,
        0.051317849603099486,
        0.2702219388601358,
        0.01,
        0.01,
        0.01,
        0.1308962148947556,
        0.0907504320460947
      ]
    },
    "My_Plasterboard_Ceiling": {
      "bands_hz": [
        63,
        125,
        250,
        500,
        1000,
        2000,
        4000,
        8000
      ],
      "alpha": [
        0.01,
        0.01,
        0.01,
        0.01,
        0.03300307586390608,
        0.01,
        0.26092416923548134,
        0.21526837578257402
      ]
    },
    "My_Solid_Core_Door": {
      "bands_hz": [
        63,
        125,
        250,
        500,
        1000,
        2000,
        4000,
        8000
      ],
      "alpha": [
        0.01,
        0.04984122988343614,
        0.3649129466788019,
        0.1002315421381166,
        0.2864757943967776,
        0.08256700167307901,
        0.01,
        0.16828093170189884
      ]
    },
    "My_Timber_Platform_Dense": {
      "bands_hz": [
        63,
        125,
        250,
        500,
        1000,
        2000,
        4000,
        8000
      ],
      "alpha": [
        0.01,
        0.03520836385763654,
        0.01,
        0.01,
        0.01,
        0.08246596396417016,
        0.22106582528476565,
        0.01
      ]
    },
    "My_Whiteboard_Gloss": {
      "bands_hz": [
        63,
        125,
        250,
        500,
        1000,
        2000,
        4000,
        8000
      ],
      "alpha": [
        0.01,
        0.01,
        0.01,
        0.01,
        0.14357913489418422,
        0.17656410578549508,
        0.12387925423776722,
        0.01
      ]
    }
  },
  "scatter": {}
}