{
  "alpha": {
    "My_Glass_10mm": {
      "bands_hz": [
        63,
        125,
        250,
        500,
        1000,
        2000,
        4000,
        8000
      ],
      "alpha": [
        0.0,
        0.057533661452156326,
        0.0,
        0.04165656623016884,
        0.009121410489662564,
        0.0765445239171139,
        0.02246653199482635,
        0.004936050340702304
      ]
    },
    "My_Linoleum_on_Slab": {
      "bands_hz": [
        63,
        125,
        250,
        500,
        1000,
        2000,
        4000,
        8000
      ],
      "alpha": [
        0.03348026047602241,
        0.07393396479197992,
        0.029379895343457835,
        0.06771307382397007,
        0.030788004643198943,
        0.07023183389217329,
        0.007559628468076812,
        0.013716964896373848
      ]
    },
    "My_Painted_Plasterboard": {
      "bands_hz": [
        63,
        125,
        250,
        500,
        1000,
        2000,
        4000,
        8000
      ],
      "alpha": [
        0.01968985500913362,
        0.05063422659443709,
        0.07033250974508157,
        0.07980679005751432,
        0.02437389750432529,
        0.025367381940407427,
        0.0,
        0.003264907113661151
      ]
    },
    "My_Plasterboard_Ceiling": {
      "bands_hz": [
        63,
        125,
        250,
        500,
        1000,
        2000,
        4000,
        8000
      ],
      "alpha": [
        0.0846367171256184,
        0.003940682994630025,
        0.014077810979953819,
        0.0552348653780904,
        0.0,
        0.0,
        0.0,
        0.032057539493197694
      ]
    },
    "My_Solid_Core_Door": {
      "bands_hz": [
        63,
        125,
        250,
        500,
        1000,
        2000,
        4000,
        8000
      ],
      "alpha": [
        0.022704359797141808,
        0.01828564472441413,
        0.06899411918288335,
        0.020232580007331587,
        0.022201318631720184,
        0.08201029581568031,
        0.0557441289192704,
        0.0463996678307236
      ]
    },
    "My_Timber_Platform_Dense": {
      "bands_hz": [
        63,
        125,
        250,
        500,
        1000,
        2000,
        4000,
        8000
      ],
      "alpha": [
        0.05936543667644525,
        0.04081019618120659,
        0.02568366529812828,
        0.032626033102689994,
        0.06396509818591574,
        0.0,
        0.04801575132830576,
        0.05388677033588453
      ]
    },
    "My_Whiteboard_Gloss": {
      "bands_hz": [
        63,
        125,
        250,
        500,
        1000,
        2000,
        4000,
        8000
      ],
      "alpha": [
        0.03400711944480679,
        0.0599656380494168,
        0.04506577400618156,
        0.07743437652051478,
        0.07079431222094598,
        0.0,
        0.04793955524817422,
        0.007644254401132904
      ]
    }
  },
  "scatter": {}
}