{
  "alpha": {
    "My_Glass_10mm": {
      "bands_hz": [
        63,
        125,
        250,
        500,
        1000,
        2000,
        4000,
        8000
      ],
      "alpha": [
        0.0,
        0.04551297699249475,
        0.05410964763884297,
        0.07155120324312199,
        0.047559535736755656,
        0.05288768271376203,
        0.00756547691735112,
        0.02841052038734465
      ]
    },
    "My_Linoleum_on_Slab": {
      "bands_hz": [
        63,
        125,
        250,
        500,
        1000,
        2000,
        4000,
        8000
      ],
      "alpha": [
        0.03696757724776669,
        0.024715265228068776,
        0.04801178737286195,
        0.051920490186279325,
        0.0833628949925199,
        0.02032654579819457,
        0.015299148122010829,
        0.010452460431672035
      ]
    },
    "My_Painted_Plasterboard": {
      "bands_hz": [
        63,
        125,
        250,
        500,
        1000,
        2000,
        4000,
        8000
      ],
      "alpha": [
        0.027651733911159222,
        0.02528401981908078,
        0.0329684759517162,
        0.022295896971644497,
        0.010432193896658018,
        0.03544646685189498,
        0.038727312089972606,
        0.015951110780253137
      ]
    },
    "My_Plasterboard_Ceiling": {
      "bands_hz": [
        63,
        125,
        250,
        500,
        1000,
        2000,
        4000,
        8000
      ],
      "alpha": [
        0.05912907315007988,
        0.023510844735188795,
        0.08227600773994959,
        0.036031111561892426,
        0.05788467575305968,
        0.0735530769857917,
        0.008360778952503742,
        0.06007931040010339
      ]
    },
    "My_Solid_Core_Door": {
      "bands_hz": [
        63,
        125,
        250,
        500,
        1000,
        2000,
        4000,
        8000
      ],
      "alpha": [
        0.02619124861610594,
        0.0997720308533113,
        0.025743824502286333,
        0.060473453677915026,
        0.03620307039167503,
        0.017090785085104688,
        0.015834602728669975,
        0.031416643158207254
      ]
    },
    "My_Timber_Platform_Dense": {
      "bands_hz": [
        63,
        125,
        250,
        500,
        1000,
        2000,
        4000,
        8000
      ],
      "alpha": [
        0.003495548387036043,
        0.0,
        0.015844373629333323,
        0.06486101385573537,
        0.06799822884797835,
        0.05198785486802106,
        0.10113899147026556,
        0.0
      ]
    },
    "My_Whiteboard_Gloss": {
      "bands_hz": [
        63,
        125,
        250,
        500,
        1000,
        2000,
        4000,
        8000
      ],
      "alpha": [
        0.06050001330453035,
        0.02682777742743939,
        0.04088398398223757,
        0.04756825909376058,
        0.01164718822884329,
        0.04761751372211655,
        0.025093004184522528,
        0.032240589788291724
      ]
    }
  },
  "scatter": {}
}