{
  "My_Glass_10mm": {
    "bands_hz": [
      63,
      125,
      250,
      500,
      1000,
      2000,
      4000,
      8000
    ],
    "alpha": [
      0.12233888528317108,
      0.10941106341220354,
      0.013935007491072324,
      0.039548990487484795,
      0.04043731093854936,
      0.01,
      0.04061032845851319,
      0.023745645013069916
    ]
  },
  "My_Linoleum_on_Slab": {
    "bands_hz": [
      63,
      125,
      250,
      500,
      1000,
      2000,
      4000,
      8000
    ],
    "alpha": [
      0.1797201956935567,
      0.01,
      0.05686533370173981,
      0.01294428806048687,
      0.06165834090161068,
      0.021114357515836152,
      0.1345500538958469,
      0.03949057343480455
    ]
  },
  "My_Painted_Plasterboard": {
    "bands_hz": [
      63,
      125,
      250,
      500,
      1000,
      2000,
      4000,
      8000
    ],
    "alpha": [
      0.04109379265956976,
      0.20666558772301183,
      0.1653092536465176,
      0.09690228637316421,
      0.01,
      0.01,
      0.03718743832507903,
      0.012131506962788013
    ]
  },
  "My_Plasterboard_Ceiling": {
    "bands_hz": [
      63,
      125,
      250,
      500,
      1000,
      2000,
      4000,
      8000
    ],
    "alpha": [
      0.01,
      0.023674086619907775,
      0.010000000000000002,
      0.0863397366394588,
      0.01,
      0.29630690457707376,
      0.07427105538308776,
      0.01
    ]
  },
  "My_Solid_Core_Door": {
    "bands_hz": [
      63,
      125,
      250,
      500,
      1000,
      2000,
      4000,
      8000
    ],
    "alpha": [
      0.01,
      0.052175544296834415,
      0.01,
      0.03385933994022016,
      0.01,
      0.01,
      0.0718661796105247,
      0.011443755255390816
    ]
  },
  "My_Timber_Platform_Dense": {
    "bands_hz": [
      63,
      125,
      250,
      500,
      1000,
      2000,
      4000,
      8000
    ],
    "alpha": [
      0.08674851392151034,
      0.043616151929764556,
      0.13518148524229542,
      0.010000000000000002,
      0.04648588921376397,
      0.010000000000000002,
      0.030631724197123997,
      0.10557528063876426
    ]
  },
  "My_Whiteboard_Gloss": {
    "bands_hz": [
      63,
      125,
      250,
      500,
      1000,
      2000,
      4000,
      8000
    ],
    "alpha": [
      0.07015777058090297,
      0.058447690929341524,
      0.01,
      0.013708913213090267,
      0.027570723013640223,
      0.058080168346527086,
      0.03875539244307652,
      0.01
    ]
  }
}