{
  "alpha": {
    "My_Glass_10mm": {
      "bands_hz": [
        63,
        125,
        250,
        500,
        1000,
        2000,
        4000,
        8000
      ],
      "alpha": [
        0.01,
        0.01,
        0.01,
        0.16875177575940184,
        0.0,
        0.01,
        0.0,
        0.01
      ]
    },
    "My_Linoleum_on_Slab": {
      "bands_hz": [
        63,
        125,
        250,
        500,
        1000,
        2000,
        4000,
        8000
      ],
      "alpha": [
        0.01,
        0.01,
        0.0,
        0.18253272617447638,
        0.01,
        0.08022101250719221,
        0.01,
        0.022952756980297175
      ]
    },
    "My_Painted_Plasterboard": {
      "bands_hz": [
        63,
        125,
        250,
        500,
        1000,
        2000,
        4000,
        8000
      ],
      "alpha": [
        0.31331906218029526,
        0.11272249057569718,
        0.045729046530182664,
        0.09178557205962606,
        0.0578406795574557,
        0.2459357335788217,
        0.0,
        0.18579396506912293
      ]
    },
    "My_Plasterboard_Ceiling": {
      "bands_hz": [
        63,
        125,
        250,
        500,
        1000,
        2000,
        4000,
        8000
      ],
      "alpha": [
        0.01,
        0.0,
        0.05625733832325474,
        0.17556190184733694,
        0.01,
        0.1612135493938812,
        0.07775150153300668,
        0.0
      ]
    },
    "My_Solid_Core_Door": {
      "bands_hz": [
        63,
        125,
        250,
        500,
        1000,
        2000,
        4000,
        8000
      ],
      "alpha": [
        0.01,
        0.055287954411068305,
        0.01,
        0.01,
        0.014610922105815856,
        0.01,
        0.01,
        0.0
      ]
    },
    "My_Timber_Platform_Dense": {
      "bands_hz": [
        63,
        125,
        250,
        500,
        1000,
        2000,
        4000,
        8000
      ],
      "alpha": [
        0.217355460843548,
        0.1075163646314121,
        0.01,
        0.0,
        0.0,
        0.0651547773831494,
        0.10184431398363918,
        0.01
      ]
    },
    "My_Whiteboard_Gloss": {
      "bands_hz": [
        63,
        125,
        250,
        500,
        1000,
        2000,
        4000,
        8000
      ],
      "alpha": [
        0.01,
        0.10516969653355793,
        0.32443140301116424,
        0.12093587652786777,
        0.0,
        0.0,
        0.01,
        0.20230407252302626
      ]
    }
  },
  "scatter": {}
}