{
  "alpha": {
    "My_Glass_10mm": {
      "bands_hz": [
        63,
        125,
        250,
        500,
        1000,
        2000,
        4000,
        8000
      ],
      "alpha": [
        0.15079187222687188,
        0.17547688164992487,
        0.15983714950737987,
        0.05115015467525608,
        0.0,
        0.0,
        0.0,
        0.0
      ]
    },
    "My_Linoleum_on_Slab": {
      "bands_hz": [
        63,
        125,
        250,
        500,
        1000,
        2000,
        4000,
        8000
      ],
      "alpha": [
        0.0,
        0.0,
        0.08171421620791819,
        0.0,
        0.0,
        0.0,
        0.11930512025890275,
        0.10426013701331846
      ]
    },
    "My_Painted_Plasterboard": {
      "bands_hz": [
        63,
        125,
        250,
        500,
        1000,
        2000,
        4000,
        8000
      ],
      "alpha": [
        0.0,
        0.09325824386992643,
        0.00925366991122848,
        0.037721732490287097,
        0.044427741103551736,
        0.11556579978687641,
        0.0,
        0.0
      ]
    },
    "My_Plasterboard_Ceiling": {
      "bands_hz": [
        63,
        125,
        250,
        500,
        1000,
        2000,
        4000,
        8000
      ],
      "alpha": [
        0.06465538787511746,
        0.1251233305587815,
        0.1025991324698866,
        0.18222176291883657,
        0.0,
        0.10759410132654937,
        0.16687143767152215,
        0.015388847166691332
      ]
    },
    "My_Solid_Core_Door": {
      "bands_hz": [
        63,
        125,
        250,
        500,
        1000,
        2000,
        4000,
        8000
      ],
      "alpha": [
        0.22766174271007486,
        0.0343207665908363,
        0.0,
        0.2264675645838385,
        0.02633845219248657,
        0.16049343171772823,
        0.0,
        0.0
      ]
    },
    "My_Timber_Platform_Dense": {
      "bands_hz": [
        63,
        125,
        250,
        500,
        1000,
        2000,
        4000,
        8000
      ],
      "alpha": [
        0.0,
        0.03883907260646086,
        0.05291027574710626,
        0.0,
        0.0,
        0.04884826559309692,
        0.028830903514465957,
        0.10057286219937217
      ]
    },
    "My_Whiteboard_Gloss": {
      "bands_hz": [
        63,
        125,
        250,
        500,
        1000,
        2000,
        4000,
        8000
      ],
      "alpha": [
        0.12015556842699347,
        0.0,
        0.06419071397641966,
        0.0,
        0.11583992184228689,
        0.0,
        0.0,
        0.10313429018747393
      ]
    }
  },
  "scatter": {}
}