{
  "My_Glass_10mm": {
    "bands_hz": [
      63,
      125,
      250,
      500,
      1000,
      2000,
      4000,
      8000
    ],
    "alpha": [
      0.20026592432357715,
      0.01,
      0.01,
      0.15491409112225724,
      0.040744483971450536,
      0.01,
      0.040354814512771855,
      0.04358029556408649
    ]
  },
  "My_Linoleum_on_Slab": {
    "bands_hz": [
      63,
      125,
      250,
      500,
      1000,
      2000,
      4000,
      8000
    ],
    "alpha": [
      0.11737225199988871,
      0.0756658125958356,
      0.13657011621715076,
      0.01,
      0.02266178904350156,
      0.021959707920486092,
      0.13562145558080824,
      0.055389569390704003
    ]
  },
  "My_Painted_Plasterboard": {
    "bands_hz": [
      63,
      125,
      250,
      500,
      1000,
      2000,
      4000,
      8000
    ],
    "alpha": [
      0.017466072997616617,
      0.16333841812689412,
      0.16533671362847016,
      0.08053413352718677,
      0.06393613563674214,
      0.01,
      0.042228259414091016,
      0.01628886827249146
    ]
  },
  "My_Plasterboard_Ceiling": {
    "bands_hz": [
      63,
      125,
      250,
      500,
      1000,
      2000,
      4000,
      8000
    ],
    "alpha": [
      0.01,
      0.023101936602723513,
      0.01,
      0.09975056214573975,
      0.01,
      0.17730005060344925,
      0.022770485819757682,
      0.01
    ]
  },
  "My_Solid_Core_Door": {
    "bands_hz": [
      63,
      125,
      250,
      500,
      1000,
      2000,
      4000,
      8000
    ],
    "alpha": [
      0.040830928309274726,
      0.05501013096518459,
      0.013569303871914636,
      0.01,
      0.010000000000000002,
      0.07451462631664908,
      0.09773099215550062,
      0.011323403939108979
    ]
  },
  "My_Timber_Platform_Dense": {
    "bands_hz": [
      63,
      125,
      250,
      500,
      1000,
      2000,
      4000,
      8000
    ],
    "alpha": [
      0.08636145170282891,
      0.04376276157476296,
      0.14665940479876388,
      0.010000000000000002,
      0.1357996772650083,
      0.01,
      0.10971503798328221,
      0.01
    ]
  },
  "My_Whiteboard_Gloss": {
    "bands_hz": [
      63,
      125,
      250,
      500,
      1000,
      2000,
      4000,
      8000
    ],
    "alpha": [
      0.0871107388076573,
      0.11904061337492616,
      0.05196101644071436,
      0.044986186441050575,
      0.027639437392239993,
      0.0572767357162351,
      0.041628691839436655,
      0.01
    ]
  }
}