{
  "alpha": {
    "My_Glass_10mm": {
      "bands_hz": [
        63,
        125,
        250,
        500,
        1000,
        2000,
        4000,
        8000
      ],
      "alpha": [
        0.04376356437906208,
        0.17547688164992484,
        0.15983714950737987,
        0.0,
        0.0,
        0.0,
        0.0,
        0.0
      ]
    },
    "My_Linoleum_on_Slab": {
      "bands_hz": [
        63,
        125,
        250,
        500,
        1000,
        2000,
        4000,
        8000
      ],
      "alpha": [
        0.0,
        0.0,
        0.12742038142434164,
        0.0,
        0.0,
        0.0,
        0.11930512025890275,
        0.10066898969385119
      ]
    },
    "My_Painted_Plasterboard": {
      "bands_hz": [
        63,
        125,
        250,
        500,
        1000,
        2000,
        4000,
        8000
      ],
      "alpha": [
        0.009423548088710456,
        0.01941739842947217,
        0.007592936862318317,
        0.037721732490287097,
        0.027362342784087036,
        0.07484841800305389,
        0.0,
        0.0
      ]
    },
    "My_Plasterboard_Ceiling": {
      "bands_hz": [
        63,
        125,
        250,
        500,
        1000,
        2000,
        4000,
        8000
      ],
      "alpha": [
        0.06465538787511746,
        0.1251233305587815,
        0.1025991324698866,
        0.18222176291883657,
        0.0,
        0.12026949298104883,
        0.1959431170663193,
        0.01526293142978244
      ]
    },
    "My_Solid_Core_Door": {
      "bands_hz": [
        63,
        125,
        250,
        500,
        1000,
        2000,
        4000,
        8000
      ],
      "alpha": [
        0.22766174271007483,
        0.03615820607179219,
        0.0,
        0.08926635770881852,
        0.029441849664948512,
        0.1546454403536901,
        0.0,
        0.11896426971383237
      ]
    },
    "My_Timber_Platform_Dense": {
      "bands_hz": [
        63,
        125,
        250,
        500,
        1000,
        2000,
        4000,
        8000
      ],
      "alpha": [
        0.0,
        0.04640349743677964,
        0.05291027574710626,
        0.19117710763545875,
        0.0,
        0.04884826559309692,
        0.0008596301295335437,
        0.11498232295093884
      ]
    },
    "My_Whiteboard_Gloss": {
      "bands_hz": [
        63,
        125,
        250,
        500,
        1000,
        2000,
        4000,
        8000
      ],
      "alpha": [
        0.13749696494917837,
        0.09694918465065984,
        0.06419071397641966,
        0.005015523332205783,
        0.1780450577977381,
        0.070239818145529,
        0.030682737555497237,
        0.10313429018747393
      ]
    }
  },
  "scatter": {}
}