{
  "alpha": {
    "My_Glass_10mm": {
      "bands_hz": [
        63,
        125,
        250,
        500,
        1000,
        2000,
        4000,
        8000
      ],
      "alpha": [
        0.0491315655887387,
        0.01,
        0.01,
        0.01,
        0.1445626575161237,
        0.01,
        0.33338844052746186,
        0.01
      ]
    },
    "My_Linoleum_on_Slab": {
      "bands_hz": [
        63,
        125,
        250,
        500,
        1000,
        2000,
        4000,
        8000
      ],
      "alpha": [
        0.01,
        0.01,
        0.01,
        0.04547014661092236,
        0.14806161926649256,
        0.01,
        0.05607427209306061,
        0.0750799991803986
      ]
    },
    "My_Painted_Plasterboard": {
      "bands_hz": [
        63,
        125,
        250,
        500,
        1000,
        2000,
        4000,
        8000
      ],
      "alpha": [
        0.01,
        0.04374190512209913,
        0.02965786938209457,
        0.2437238463556208,
        0.01,
        0.08517662742634638,
        0.30775432059700136,
        0.053708767221453006
      ]
    },
    "My_Plasterboard_Ceiling": {
      "bands_hz": [
        63,
        125,
        250,
        500,
        1000,
        2000,
        4000,
        8000
      ],
      "alpha": [
        0.24265799034600177,
        0.01,
        0.01,
        0.01,
        0.11119664744666362,
        0.01,
        0.01,
        0.01
      ]
    },
    "My_Solid_Core_Door": {
      "bands_hz": [
        63,
        125,
        250,
        500,
        1000,
        2000,
        4000,
        8000
      ],
      "alpha": [
        0.12880626597183734,
        0.01,
        0.01,
        0.2439174664293862,
        0.12293942782291949,
        0.3640375540622286,
        0.01,
        0.01
      ]
    },
    "My_Timber_Platform_Dense": {
      "bands_hz": [
        63,
        125,
        250,
        500,
        1000,
        2000,
        4000,
        8000
      ],
      "alpha": [
        0.015248598661992687,
        0.14782232319443972,
        0.4106130860225099,
        0.01,
        0.19339258143416094,
        0.1535974201642963,
        0.059641110973537734,
        0.01
      ]
    },
    "My_Whiteboard_Gloss": {
      "bands_hz": [
        63,
        125,
        250,
        500,
        1000,
        2000,
        4000,
        8000
      ],
      "alpha": [
        0.01,
        0.01,
        0.05262631865966169,
        0.01,
        0.04378771850735797,
        0.028032229143249248,
        0.01,
        0.032893051366962564
      ]
    }
  },
  "scatter": {}
}