{
  "alpha": {
    "My_Glass_10mm": {
      "bands_hz": [
        63,
        125,
        250,
        500,
        1000,
        2000,
        4000,
        8000
      ],
      "alpha": [
        0.015953522152871304,
        0.0,
        0.0,
        0.06377531690597019,
        0.018978858099239115,
        0.016096471738546232,
        0.02186834254841245,
        0.009146537708191967
      ]
    },
    "My_Linoleum_on_Slab": {
      "bands_hz": [
        63,
        125,
        250,
        500,
        1000,
        2000,
        4000,
        8000
      ],
      "alpha": [
        0.03625930545810932,
        0.055426164821717055,
        0.027362964965125382,
        0.019192441928724942,
        0.047764617692678715,
        0.018266668982356127,
        0.04085319303498096,
        0.07081355456125576
      ]
    },
    "My_Painted_Plasterboard": {
      "bands_hz": [
        63,
        125,
        250,
        500,
        1000,
        2000,
        4000,
        8000
      ],
      "alpha": [
        0.03609198312155822,
        0.03068640633513721,
        0.028962070509622524,
        0.01059760936108672,
        0.06458641808038049,
        0.08280882140659698,
        0.006988659856411811,
        0.037332814528501776
      ]
    },
    "My_Plasterboard_Ceiling": {
      "bands_hz": [
        63,
        125,
        250,
        500,
        1000,
        2000,
        4000,
        8000
      ],
      "alpha": [
        0.015098297462892268,
        0.08404272172354807,
        0.06413857044198312,
        0.0135692802699552,
        0.0575850657305845,
        0.0031781276787363963,
        0.0018817450335775303,
        0.0
      ]
    },
    "My_Solid_Core_Door": {
      "bands_hz": [
        63,
        125,
        250,
        500,
        1000,
        2000,
        4000,
        8000
      ],
      "alpha": [
        0.020692596109014676,
        0.024340169444770982,
        0.084269542634624,
        0.02304677241262658,
        0.0,
        0.06435116233198061,
        0.031190859280897973,
        0.020760129752632514
      ]
    },
    "My_Timber_Platform_Dense": {
      "bands_hz": [
        63,
        125,
        250,
        500,
        1000,
        2000,
        4000,
        8000
      ],
      "alpha": [
        0.07262693127151128,
        0.032369103847766874,
        0.02599647997019791,
        0.05121867195429118,
        0.026597571437970324,
        0.006884469839264912,
        0.06534764205393578,
        0.04577429271254369
      ]
    },
    "My_Whiteboard_Gloss": {
      "bands_hz": [
        63,
        125,
        250,
        500,
        1000,
        2000,
        4000,
        8000
      ],
      "alpha": [
        0.009675010474538392,
        0.05085570469944073,
        0.07376090123308612,
        0.0,
        0.03990042782933094,
        0.04849565753548553,
        0.07116520253109038,
        0.052981912376608035
      ]
    }
  },
  "scatter": {}
}