{
  "alpha": {
    "My_Glass_10mm": {
      "bands_hz": [
        63,
        125,
        250,
        500,
        1000,
        2000,
        4000,
        8000
      ],
      "alpha": [
        0.15299958660199647,
        0.0,
        0.10240089274718472,
        0.23636397745193855,
        0.07427018054750667,
        0.09304293360050916,
        0.07478490207608178,
        0.059052319439185236
      ]
    },
    "My_Linoleum_on_Slab": {
      "bands_hz": [
        63,
        125,
        250,
        500,
        1000,
        2000,
        4000,
        8000
      ],
      "alpha": [
        0.019655618673195756,
        0.16999890391944392,
        0.07529178164077863,
        0.2606498822552693,
        0.10930517279326796,
        0.0,
        0.11514451913062977,
        0.07042858269314839
      ]
    },
    "My_Painted_Plasterboard": {
      "bands_hz": [
        63,
        125,
        250,
        500,
        1000,
        2000,
        4000,
        8000
      ],
      "alpha": [
        0.12575653971108403,
        0.0,
        0.09242331534370613,
        0.0,
        0.1699860276810121,
        0.10666279177166459,
        0.027473265350771145,
        0.05128317594450767
      ]
    },
    "My_Plasterboard_Ceiling": {
      "bands_hz": [
        63,
        125,
        250,
        500,
        1000,
        2000,
        4000,
        8000
      ],
      "alpha": [
        0.0,
        0.07839382303601654,
        0.22060692044546057,
        0.04470199411678828,
        0.0,
        0.06254213658787888,
        0.16470837581781805,
        0.012187264012321116
      ]
    },
    "My_Solid_Core_Door": {
      "bands_hz": [
        63,
        125,
        250,
        500,
        1000,
        2000,
        4000,
        8000
      ],
      "alpha": [
        0.06267302275166514,
        0.06846713087397063,
        0.13772160974001127,
        0.15073749090137678,
        0.1488709471124751,
        0.08584729110760325,
        0.0,
        0.0
      ]
    },
    "My_Timber_Platform_Dense": {
      "bands_hz": [
        63,
        125,
        250,
        500,
        1000,
        2000,
        4000,
        8000
      ],
      "alpha": [
        0.14767490940710765,
        0.002001853009471019,
        0.0,
        0.0,
        0.12153379836970946,
        0.03056383557301526,
        0.12154376391335246,
        0.018208759539681138
      ]
    },
    "My_Whiteboard_Gloss": {
      "bands_hz": [
        63,
        125,
        250,
        500,
        1000,
        2000,
        4000,
        8000
      ],
      "alpha": [
        0.1211591613510152,
        0.0,
        0.05513881869184091,
        0.0,
        0.02391232372877751,
        0.0,
        0.006385906962306481,
        0.0
      ]
    }
  },
  "scatter": {}
}