{
  "alpha": {
    "My_Glass_10mm": {
      "bands_hz": [
        63,
        125,
        250,
        500,
        1000,
        2000,
        4000,
        8000
      ],
      "alpha": [
        0.056562474595842266,
        0.06120165396682403,
        0.04801559158069202,
        0.04620928955890913,
        0.02278112008451998,
        0.07696458431419344,
        0.03798081360777554,
        0.03645416588970202
      ]
    },
    "My_Linoleum_on_Slab": {
      "bands_hz": [
        63,
        125,
        250,
        500,
        1000,
        2000,
        4000,
        8000
      ],
      "alpha": [
        0.016705938791160828,
        0.0,
        0.019048331619161057,
        0.02248645887551356,
        0.05679526336391615,
        0.0,
        0.08061677214246823,
        0.02055614392393531
      ]
    },
    "My_Painted_Plasterboard": {
      "bands_hz": [
        63,
        125,
        250,
        500,
        1000,
        2000,
        4000,
        8000
      ],
      "alpha": [
        0.07769408367264162,
        0.010384822930737527,
        0.0,
        0.07510105869140966,
        0.06408390425100167,
        0.0069291121598491524,
        0.07433685605677064,
        0.0
      ]
    },
    "My_Plasterboard_Ceiling": {
      "bands_hz": [
        63,
        125,
        250,
        500,
        1000,
        2000,
        4000,
        8000
      ],
      "alpha": [
        0.10332645477812993,
        0.03300719750742787,
        0.043684241965715326,
        0.06450537784082808,
        0.059211999302665304,
        0.03236696770554913,
        0.01096751317523589,
        0.052775965705371936
      ]
    },
    "My_Solid_Core_Door": {
      "bands_hz": [
        63,
        125,
        250,
        500,
        1000,
        2000,
        4000,
        8000
      ],
      "alpha": [
        0.013037445204515583,
        0.03498488484247742,
        0.03104197440474371,
        0.0064143406660259125,
        0.0,
        0.02474000847310917,
        0.00425071561594333,
        0.0
      ]
    },
    "My_Timber_Platform_Dense": {
      "bands_hz": [
        63,
        125,
        250,
        500,
        1000,
        2000,
        4000,
        8000
      ],
      "alpha": [
        0.0007173774908444223,
        0.003565541989890928,
        0.006563812270349887,
        0.003404344049799262,
        0.025715911291745056,
        0.0,
        0.06812822747462668,
        0.015896451694465217
      ]
    },
    "My_Whiteboard_Gloss": {
      "bands_hz": [
        63,
        125,
        250,
        500,
        1000,
        2000,
        4000,
        8000
      ],
      "alpha": [
        0.07415814168218965,
        0.03409871217454041,
        0.004853808240269299,
        0.025591587681406392,
        0.00012935641146246887,
        0.08348938605111694,
        0.0,
        0.06142274740279008
      ]
    }
  },
  "scatter": {}
}