{
  "alpha": {
    "My_Glass_10mm": {
      "bands_hz": [
        63,
        125,
        250,
        500,
        1000,
        2000,
        4000,
        8000
      ],
      "alpha": [
        0.008190925772809776,
        0.042729222020668874,
        0.0012105970995868603,
        0.028546819016987697,
        0.02044531082717343,
        0.010954362922382319,
        0.025888496364617812,
        0.01175721023319267
      ]
    },
    "My_Linoleum_on_Slab": {
      "bands_hz": [
        63,
        125,
        250,
        500,
        1000,
        2000,
        4000,
        8000
      ],
      "alpha": [
        0.020330883960252205,
        0.04887330384087016,
        0.03330253498148904,
        0.056149526892176366,
        0.014284875452024726,
        0.06141588125368068,
        0.017871990297817882,
        0.034002647561649786
      ]
    },
    "My_Painted_Plasterboard": {
      "bands_hz": [
        63,
        125,
        250,
        500,
        1000,
        2000,
        4000,
        8000
      ],
      "alpha": [
        0.009480506144936823,
        0.03531722928067294,
        0.030737946338470372,
        0.0,
        0.0,
        0.0,
        0.05858336191852663,
        0.046024602453986915
      ]
    },
    "My_Plasterboard_Ceiling": {
      "bands_hz": [
        63,
        125,
        250,
        500,
        1000,
        2000,
        4000,
        8000
      ],
      "alpha": [
        0.0,
        0.0,
        0.03293528815530901,
        0.05561500802440185,
        0.03400622154454337,
        0.0630947375668658,
        0.057168611872904694,
        0.0
      ]
    },
    "My_Solid_Core_Door": {
      "bands_hz": [
        63,
        125,
        250,
        500,
        1000,
        2000,
        4000,
        8000
      ],
      "alpha": [
        0.0309511278684765,
        0.031242577149166104,
        0.0,
        0.025759505830118157,
        0.04607925651860944,
        0.003980386432531777,
        0.021643419696465716,
        0.0
      ]
    },
    "My_Timber_Platform_Dense": {
      "bands_hz": [
        63,
        125,
        250,
        500,
        1000,
        2000,
        4000,
        8000
      ],
      "alpha": [
        0.021627958657506094,
        0.02228470248947277,
        0.0913069346907229,
        0.0,
        0.0,
        0.040087152073609515,
        0.034808159559576474,
        0.02052506289160065
      ]
    },
    "My_Whiteboard_Gloss": {
      "bands_hz": [
        63,
        125,
        250,
        500,
        1000,
        2000,
        4000,
        8000
      ],
      "alpha": [
        0.037699532927961736,
        0.0,
        0.05103719248902365,
        0.02360832277211328,
        0.0029815549275877644,
        0.0,
        0.0,
        0.05993960431826907
      ]
    }
  },
  "scatter": {}
}