{
  "My_Glass_10mm": {
    "bands_hz": [
      63,
      125,
      250,
      500,
      1000,
      2000,
      4000,
      8000
    ],
    "alpha": [
      0.01,
      0.33962066036746597,
      0.01,
      0.01,
      0.22645846365600353,
      0.01,
      0.04076580266127515,
      0.08924413384485583
    ]
  },
  "My_Linoleum_on_Slab": {
    "bands_hz": [
      63,
      125,
      250,
      500,
      1000,
      2000,
      4000,
      8000
    ],
    "alpha": [
      0.01,
      0.025621014353038592,
      0.01,
      0.01,
      0.13291543749240614,
      0.13808613193520217,
      0.1905480280527264,
      0.16843854834660754
    ]
  },
  "My_Painted_Plasterboard": {
    "bands_hz": [
      63,
      125,
      250,
      500,
      1000,
      2000,
      4000,
      8000
    ],
    "alpha": [
      0.2731231097273492,
      0.03513243151862135,
      0.0763018589173372,
      0.01,
      0.1511689056412328,
      0.021496614417531555,
      0.15140408597075933,
      0.033423068247159446
    ]
  },
  "My_Plasterboard_Ceiling": {
    "bands_hz": [
      63,
      125,
      250,
      500,
      1000,
      2000,
      4000,
      8000
    ],
    "alpha": [
      0.3566974613363736,
      0.01,
      0.01,
      0.3737812202886954,
      0.19263086909180513,
      0.550455805237118,
      0.01,
      0.16650577903809566
    ]
  },
  "My_Solid_Core_Door": {
    "bands_hz": [
      63,
      125,
      250,
      500,
      1000,
      2000,
      4000,
      8000
    ],
    "alpha": [
      0.01,
      0.04346089514690102,
      0.01,
      0.07016921499453926,
      0.07553143555050423,
      0.01,
      0.11885615949299883,
      0.01
    ]
  },
  "My_Timber_Platform_Dense": {
    "bands_hz": [
      63,
      125,
      250,
      500,
      1000,
      2000,
      4000,
      8000
    ],
    "alpha": [
      0.10661668633899295,
      0.3341672218252968,
      0.2437546264279767,
      0.01,
      0.13061567590554424,
      0.01,
      0.01,
      0.14854269071654932
    ]
  },
  "My_Whiteboard_Gloss": {
    "bands_hz": [
      63,
      125,
      250,
      500,
      1000,
      2000,
      4000,
      8000
    ],
    "alpha": [
      0.02587793914351628,
      0.01,
      0.08625742299327832,
      0.01,
      0.01,
      0.1258150546653794,
      0.03904709442318284,
      0.01
    ]
  }
}