{
  "alpha": {
    "My_Glass_10mm": {
      "bands_hz": [
        63,
        125,
        250,
        500,
        1000,
        2000,
        4000,
        8000
      ],
      "alpha": [
        0.2182510288682335,
        0.009999999999999998,
        0.01,
        0.019095441367438105,
        0.03706972431271305,
        0.2798090762037358,
        0.0,
        0.05901938066501542
      ]
    },
    "My_Linoleum_on_Slab": {
      "bands_hz": [
        63,
        125,
        250,
        500,
        1000,
        2000,
        4000,
        8000
      ],
      "alpha": [
        0.007168211701342302,
        0.01,
        0.018007570342857483,
        0.01,
        0.18793849560973935,
        0.12987166185634627,
        0.010000000000000002,
        0.0
      ]
    },
    "My_Painted_Plasterboard": {
      "bands_hz": [
        63,
        125,
        250,
        500,
        1000,
        2000,
        4000,
        8000
      ],
      "alpha": [
        0.07375451937633425,
        0.052820464327041,
        0.0,
        0.010000000000000002,
        0.01,
        0.1338316099207678,
        0.0,
        0.14666902792362443
      ]
    },
    "My_Plasterboard_Ceiling": {
      "bands_hz": [
        63,
        125,
        250,
        500,
        1000,
        2000,
        4000,
        8000
      ],
      "alpha": [
        0.038765110238468264,
        0.15594786082953843,
        0.03208746861529051,
        0.01,
        0.7202745998845989,
        0.3212428799748284,
        0.3595299865933163,
        0.1549863473660675
      ]
    },
    "My_Solid_Core_Door": {
      "bands_hz": [
        63,
        125,
        250,
        500,
        1000,
        2000,
        4000,
        8000
      ],
      "alpha": [
        0.06281738106348962,
        0.004697308484494907,
        0.21392027663390906,
        0.09270848582754439,
        0.13815563010289875,
        0.012480431311127738,
        0.32844547962481413,
        0.14869444882294716
      ]
    },
    "My_Timber_Platform_Dense": {
      "bands_hz": [
        63,
        125,
        250,
        500,
        1000,
        2000,
        4000,
        8000
      ],
      "alpha": [
        0.01,
        0.0,
        0.0,
        0.08653685393726791,
        0.02455942359989252,
        0.0,
        0.13526999145226673,
        0.0
      ]
    },
    "My_Whiteboard_Gloss": {
      "bands_hz": [
        63,
        125,
        250,
        500,
        1000,
        2000,
        4000,
        8000
      ],
      "alpha": [
        0.0006140253733576649,
        0.0,
        0.03856268829020755,
        0.01,
        0.22472782906367544,
        0.151474928284265,
        0.5430211347249158,
        0.0659040917292127
      ]
    }
  },
  "scatter": {}
}