{
  "My_Glass_10mm": {
    "bands_hz": [
      63,
      125,
      250,
      500,
      1000,
      2000,
      4000,
      8000
    ],
    "alpha": [
      0.08552257638908323,
      0.01,
      0.01,
      0.01,
      0.11228509474246455,
      0.1091271687410673,
      0.06928418967731416,
      0.07494503304907921
    ]
  },
  "My_Linoleum_on_Slab": {
    "bands_hz": [
      63,
      125,
      250,
      500,
      1000,
      2000,
      4000,
      8000
    ],
    "alpha": [
      0.1295889937760534,
      0.13907321908994447,
      0.05274566967813833,
      0.053934317516464644,
      0.08908541448439432,
      0.053702538208887485,
      0.06536678818072025,
      0.01
    ]
  },
  "My_Painted_Plasterboard": {
    "bands_hz": [
      63,
      125,
      250,
      500,
      1000,
      2000,
      4000,
      8000
    ],
    "alpha": [
      0.02314122285794596,
      0.15043032708112736,
      0.040828480674993776,
      0.047511931954190796,
      0.01,
      0.01,
      0.042813681163211596,
      0.01
    ]
  },
  "My_Plasterboard_Ceiling": {
    "bands_hz": [
      63,
      125,
      250,
      500,
      1000,
      2000,
      4000,
      8000
    ],
    "alpha": [
      0.06967009146710579,
      0.01,
      0.01,
      0.01,
      0.16308449574509015,
      0.01,
      0.01,
      0.13259488554645432
    ]
  },
  "My_Solid_Core_Door": {
    "bands_hz": [
      63,
      125,
      250,
      500,
      1000,
      2000,
      4000,
      8000
    ],
    "alpha": [
      0.01,
      0.06439473640587123,
      0.01,
      0.01,
      0.05071158233425384,
      0.0934553140945975,
      0.01,
      0.11551684805992098
    ]
  },
  "My_Timber_Platform_Dense": {
    "bands_hz": [
      63,
      125,
      250,
      500,
      1000,
      2000,
      4000,
      8000
    ],
    "alpha": [
      0.05958368757951044,
      0.05358484229772693,
      0.0413156959882431,
      0.01,
      0.13352203903044857,
      0.16857135271869142,
      0.233142550225485,
      0.01
    ]
  },
  "My_Whiteboard_Gloss": {
    "bands_hz": [
      63,
      125,
      250,
      500,
      1000,
      2000,
      4000,
      8000
    ],
    "alpha": [
      0.056441248120482006,
      0.10745309289259322,
      0.01,
      0.04220486485071566,
      0.0817598035605348,
      0.08724857988975634,
      0.01,
      0.01
    ]
  }
}