{
  "My_Glass_10mm": {
    "bands_hz": [
      63,
      125,
      250,
      500,
      1000,
      2000,
      4000,
      8000
    ],
    "alpha": [
      0.0,
      0.09659519017905863,
      0.15059554010273263,
      0.18451385657876312,
      0.052875758083450665,
      0.017040680575863738,
      0.01,
      0.12550516688724034
    ]
  },
  "My_Linoleum_on_Slab": {
    "bands_hz": [
      63,
      125,
      250,
      500,
      1000,
      2000,
      4000,
      8000
    ],
    "alpha": [
      0.05024475218203256,
      0.021418364219404434,
      0.18284951454674567,
      0.1986574269768494,
      0.09464369592249602,
      0.0,
      0.3806281954828348,
      0.2707194491192081
    ]
  },
  "My_Painted_Plasterboard": {
    "bands_hz": [
      63,
      125,
      250,
      500,
      1000,
      2000,
      4000,
      8000
    ],
    "alpha": [
      0.1802720939831249,
      0.04495208253483915,
      0.1496229789322453,
      0.007718233320073514,
      0.023809192479354223,
      0.4602423676927429,
      0.19096325201369055,
      0.01
    ]
  },
  "My_Plasterboard_Ceiling": {
    "bands_hz": [
      63,
      125,
      250,
      500,
      1000,
      2000,
      4000,
      8000
    ],
    "alpha": [
      0.02943644532598611,
      0.016903049377128783,
      0.02388795331477087,
      0.01,
      0.009999999999999998,
      0.0,
      0.0507552010754275,
      0.3577024135280043
    ]
  },
  "My_Solid_Core_Door": {
    "bands_hz": [
      63,
      125,
      250,
      500,
      1000,
      2000,
      4000,
      8000
    ],
    "alpha": [
      0.0,
      0.016144615548885535,
      0.03468844978510731,
      0.02847718802842546,
      0.05535132593273848,
      0.15340903320733706,
      0.01,
      0.41777233929352753
    ]
  },
  "My_Timber_Platform_Dense": {
    "bands_hz": [
      63,
      125,
      250,
      500,
      1000,
      2000,
      4000,
      8000
    ],
    "alpha": [
      0.11659992715687739,
      0.03350157108012587,
      0.38186044296306093,
      0.11140886320235778,
      0.6771659547117062,
      0.19016653889618973,
      0.042256344239178456,
      0.02342008562221049
    ]
  },
  "My_Whiteboard_Gloss": {
    "bands_hz": [
      63,
      125,
      250,
      500,
      1000,
      2000,
      4000,
      8000
    ],
    "alpha": [
      0.09556955881667839,
      0.04907275939226099,
      0.04670171494770988,
      0.03453864554429101,
      0.01,
      0.333337179882928,
      0.1962520459925817,
      0.16256240533978988
    ]
  }
}