{
  "My_Glass_10mm": {
    "bands_hz": [
      63,
      125,
      250,
      500,
      1000,
      2000,
      4000,
      8000
    ],
    "alpha": [
      0.01,
      0.01,
      0.01,
      0.0495982168700541,
      0.17591967974636274,
      0.22293310699794405,
      0.01,
      0.01
    ]
  },
  "My_Linoleum_on_Slab": {
    "bands_hz": [
      63,
      125,
      250,
      500,
      1000,
      2000,
      4000,
      8000
    ],
    "alpha": [
      0.01,
      0.01,
      0.12321501701108789,
      0.46530308423271394,
      0.01,
      0.01,
      0.010900885703740038,
      0.2744767028175309
    ]
  },
  "My_Painted_Plasterboard": {
    "bands_hz": [
      63,
      125,
      250,
      500,
      1000,
      2000,
      4000,
      8000
    ],
    "alpha": [
      0.01,
      0.12615209135043914,
      0.138246543779121,
      0.10976673278851415,
      0.01,
      0.011359647716591204,
      0.23845532956695364,
      0.039309201702932325
    ]
  },
  "My_Plasterboard_Ceiling": {
    "bands_hz": [
      63,
      125,
      250,
      500,
      1000,
      2000,
      4000,
      8000
    ],
    "alpha": [
      0.01,
      0.21678531397316356,
      0.1809992278175402,
      0.22708469270656487,
      0.12781151403481494,
      0.04576006114662927,
      0.01,
      0.01
    ]
  },
  "My_Solid_Core_Door": {
    "bands_hz": [
      63,
      125,
      250,
      500,
      1000,
      2000,
      4000,
      8000
    ],
    "alpha": [
      0.01,
      0.01,
      0.04047865498008858,
      0.01,
      0.04872371256037174,
      0.01,
      0.27260523734412245,
      0.01
    ]
  },
  "My_Timber_Platform_Dense": {
    "bands_hz": [
      63,
      125,
      250,
      500,
      1000,
      2000,
      4000,
      8000
    ],
    "alpha": [
      0.051795026049733475,
      0.01,
      0.11825494320634569,
      0.01,
      0.08323513069174504,
      0.11240289033350315,
      0.01,
      0.01
    ]
  },
  "My_Whiteboard_Gloss": {
    "bands_hz": [
      63,
      125,
      250,
      500,
      1000,
      2000,
      4000,
      8000
    ],
    "alpha": [
      0.3597410252670793,
      0.18803340325342457,
      0.19266986070306427,
      0.01,
      0.01,
      0.01,
      0.01,
      0.01
    ]
  }
}