{
  "alpha": {
    "My_Glass_10mm": {
      "bands_hz": [
        63,
        125,
        250,
        500,
        1000,
        2000,
        4000,
        8000
      ],
      "alpha": [
        0.1421478788315494,
        0.01,
        0.01,
        0.12185682173298389,
        0.04043731093854936,
        0.01,
        0.04061032845851319,
        0.023745645013069916
      ]
    },
    "My_Linoleum_on_Slab": {
      "bands_hz": [
        63,
        125,
        250,
        500,
        1000,
        2000,
        4000,
        8000
      ],
      "alpha": [
        0.17859515451837776,
        0.01,
        0.11693624040174483,
        0.01,
        0.05846533433208875,
        0.02718739833481607,
        0.14110737267267703,
        0.05258483994222363
      ]
    },
    "My_Painted_Plasterboard": {
      "bands_hz": [
        63,
        125,
        250,
        500,
        1000,
        2000,
        4000,
        8000
      ],
      "alpha": [
        0.04109379265956976,
        0.13934753246184395,
        0.1653092536465176,
        0.08581143407304971,
        0.013310247716185303,
        0.01,
        0.0405458813228064,
        0.018311068855357625
      ]
    },
    "My_Plasterboard_Ceiling": {
      "bands_hz": [
        63,
        125,
        250,
        500,
        1000,
        2000,
        4000,
        8000
      ],
      "alpha": [
        0.035578667880709534,
        0.023674086619907775,
        0.01,
        0.08633973663945879,
        0.01,
        0.17681996096806074,
        0.07364613517301785,
        0.01
      ]
    },
    "My_Solid_Core_Door": {
      "bands_hz": [
        63,
        125,
        250,
        500,
        1000,
        2000,
        4000,
        8000
      ],
      "alpha": [
        0.01,
        0.01,
        0.01,
        0.03385933994022016,
        0.01,
        0.08047246524890221,
        0.0718661796105247,
        0.01
      ]
    },
    "My_Timber_Platform_Dense": {
      "bands_hz": [
        63,
        125,
        250,
        500,
        1000,
        2000,
        4000,
        8000
      ],
      "alpha": [
        0.08674851392151034,
        0.043616151929764556,
        0.060948211013030454,
        0.010000000000000002,
        0.04648588921376397,
        0.01,
        0.01,
        0.010000000000000002
      ]
    },
    "My_Whiteboard_Gloss": {
      "bands_hz": [
        63,
        125,
        250,
        500,
        1000,
        2000,
        4000,
        8000
      ],
      "alpha": [
        0.07473695877686395,
        0.05449214700030814,
        0.01,
        0.08301858087915376,
        0.02857946024201224,
        0.056507213027270284,
        0.04343041527482354,
        0.01
      ]
    }
  },
  "scatter": {}
}