{
  "alpha": {
    "My_Glass_10mm": {
      "bands_hz": [
        63,
        125,
        250,
        500,
        1000,
        2000,
        4000,
        8000
      ],
      "alpha": [
        0.07556771358861344,
        0.0100433196373273,
        0.03989348021296299,
        0.11914830794812907,
        0.04043731093854936,
        0.01,
        0.04061032845851319,
        0.023745645013069916
      ]
    },
    "My_Linoleum_on_Slab": {
      "bands_hz": [
        63,
        125,
        250,
        500,
        1000,
        2000,
        4000,
        8000
      ],
      "alpha": [
        0.15197761789077113,
        0.01,
        0.1163807262795795,
        0.01,
        0.13018951626336367,
        0.01,
        0.14110737267267703,
        0.01955663704119184
      ]
    },
    "My_Painted_Plasterboard": {
      "bands_hz": [
        63,
        125,
        250,
        500,
        1000,
        2000,
        4000,
        8000
      ],
      "alpha": [
        0.04109379265956976,
        0.13934753246184395,
        0.1653092536465176,
        0.09690228637316421,
        0.059244698230153034,
        0.01,
        0.023183541446491415,
        0.01
      ]
    },
    "My_Plasterboard_Ceiling": {
      "bands_hz": [
        63,
        125,
        250,
        500,
        1000,
        2000,
        4000,
        8000
      ],
      "alpha": [
        0.01,
        0.02367408661990778,
        0.01,
        0.0863397366394588,
        0.01,
        0.17681996096806074,
        0.070454776764032,
        0.01
      ]
    },
    "My_Solid_Core_Door": {
      "bands_hz": [
        63,
        125,
        250,
        500,
        1000,
        2000,
        4000,
        8000
      ],
      "alpha": [
        0.01,
        0.052175544296834415,
        0.01,
        0.03385933994022016,
        0.01,
        0.01,
        0.0718661796105247,
        0.01303281033254023
      ]
    },
    "My_Timber_Platform_Dense": {
      "bands_hz": [
        63,
        125,
        250,
        500,
        1000,
        2000,
        4000,
        8000
      ],
      "alpha": [
        0.08674851392151034,
        0.043616151929764556,
        0.13518148524229542,
        0.01,
        0.04648588921376396,
        0.01,
        0.01,
        0.01
      ]
    },
    "My_Whiteboard_Gloss": {
      "bands_hz": [
        63,
        125,
        250,
        500,
        1000,
        2000,
        4000,
        8000
      ],
      "alpha": [
        0.07473695877686395,
        0.058447690929341524,
        0.01,
        0.01,
        0.027570723013640226,
        0.03330235914012129,
        0.022984237283087107,
        0.01
      ]
    }
  },
  "scatter": {}
}