{
  "alpha": {
    "My_Glass_10mm": {
      "bands_hz": [
        63,
        125,
        250,
        500,
        1000,
        2000,
        4000,
        8000
      ],
      "alpha": [
        0.0,
        0.0,
        0.06433306134365434,
        0.0,
        0.0,
        0.0,
        0.09251325892064066,
        0.12796337185411938
      ]
    },
    "My_Linoleum_on_Slab": {
      "bands_hz": [
        63,
        125,
        250,
        500,
        1000,
        2000,
        4000,
        8000
      ],
      "alpha": [
        0.14425840800194034,
        0.05153326527572054,
        0.0,
        0.0,
        0.061714069168392297,
        0.0,
        0.1213255132108026,
        0.0
      ]
    },
    "My_Painted_Plasterboard": {
      "bands_hz": [
        63,
        125,
        250,
        500,
        1000,
        2000,
        4000,
        8000
      ],
      "alpha": [
        0.0,
        0.05764911111402195,
        0.0,
        0.10850593232932546,
        0.021786780781393678,
        0.0,
        0.163231811260402,
        0.0
      ]
    },
    "My_Plasterboard_Ceiling": {
      "bands_hz": [
        63,
        125,
        250,
        500,
        1000,
        2000,
        4000,
        8000
      ],
      "alpha": [
        0.33641782778469076,
        0.04463071672624703,
        0.02285536398076419,
        0.10346711920063596,
        0.0,
        0.20469939038359694,
        0.038011845301963665,
        0.06033418360004456
      ]
    },
    "My_Solid_Core_Door": {
      "bands_hz": [
        63,
        125,
        250,
        500,
        1000,
        2000,
        4000,
        8000
      ],
      "alpha": [
        0.08949384691497525,
        0.0,
        0.0,
        0.044407200618124996,
        0.0,
        0.013165269478600836,
        0.4201418915552146,
        0.22500014633630908
      ]
    },
    "My_Timber_Platform_Dense": {
      "bands_hz": [
        63,
        125,
        250,
        500,
        1000,
        2000,
        4000,
        8000
      ],
      "alpha": [
        0.0,
        0.02257981139172498,
        0.11192630321154298,
        0.12994071608490093,
        0.0,
        0.035418203441365634,
        0.0,
        0.0
      ]
    },
    "My_Whiteboard_Gloss": {
      "bands_hz": [
        63,
        125,
        250,
        500,
        1000,
        2000,
        4000,
        8000
      ],
      "alpha": [
        0.07695498251485774,
        0.0,
        0.0,
        0.0,
        0.21430434991072908,
        0.04739092992475847,
        0.2870890718362119,
        0.0
      ]
    }
  },
  "scatter": {}
}