{
  "alpha": {
    "My_Glass_10mm": {
      "bands_hz": [
        63,
        125,
        250,
        500,
        1000,
        2000,
        4000,
        8000
      ],
      "alpha": [
        0.055682959060891254,
        0.017463421778474583,
        0.02559896148394137,
        0.04488877621733543,
        0.0,
        0.0,
        0.061666459948312775,
        0.04798358723856211
      ]
    },
    "My_Linoleum_on_Slab": {
      "bands_hz": [
        63,
        125,
        250,
        500,
        1000,
        2000,
        4000,
        8000
      ],
      "alpha": [
        0.022307129132039128,
        0.0028926285418755283,
        0.003916788614724855,
        0.0,
        0.012480182074227995,
        0.0630167287334818,
        0.05342627211849506,
        0.018589026450085325
      ]
    },
    "My_Painted_Plasterboard": {
      "bands_hz": [
        63,
        125,
        250,
        500,
        1000,
        2000,
        4000,
        8000
      ],
      "alpha": [
        0.01966423498937194,
        0.07078407186201949,
        0.03633946962338434,
        0.010414169098863578,
        0.0026403541792461224,
        0.07494722625945566,
        0.04786645612200553,
        0.03703637390824516
      ]
    },
    "My_Plasterboard_Ceiling": {
      "bands_hz": [
        63,
        125,
        250,
        500,
        1000,
        2000,
        4000,
        8000
      ],
      "alpha": [
        0.1054620829281858,
        0.041837350540656536,
        0.0,
        0.0623951540006283,
        0.014474174770186657,
        0.008394477763673618,
        0.0,
        0.052712657225459404
      ]
    },
    "My_Solid_Core_Door": {
      "bands_hz": [
        63,
        125,
        250,
        500,
        1000,
        2000,
        4000,
        8000
      ],
      "alpha": [
        0.027364373974623622,
        0.06032852040691637,
        0.008027910471100803,
        0.026421562977786764,
        0.019997042735962166,
        0.02507158616936101,
        0.0450873094491237,
        0.06891945361509622
      ]
    },
    "My_Timber_Platform_Dense": {
      "bands_hz": [
        63,
        125,
        250,
        500,
        1000,
        2000,
        4000,
        8000
      ],
      "alpha": [
        0.0,
        0.05904198331122018,
        0.08221864745821085,
        0.015907241552327492,
        0.0,
        0.0,
        0.0018591552775425839,
        0.07483470987825029
      ]
    },
    "My_Whiteboard_Gloss": {
      "bands_hz": [
        63,
        125,
        250,
        500,
        1000,
        2000,
        4000,
        8000
      ],
      "alpha": [
        0.04595917560629689,
        0.06580735305776544,
        0.0,
        0.1042565918120794,
        0.03855186346990837,
        0.0,
        0.003925534892105252,
        0.03051359890076632
      ]
    }
  },
  "scatter": {}
}