{
  "My_Plasterboard_Ceiling": {
    "bands_hz": [
      63,
      125,
      250,
      500,
      1000,
      2000,
      4000,
      8000
    ],
    "alpha": [
      0.038765110238468264,
      0.15594786082953843,
      0.15594786082953843,
      0.15594786082953843,
      0.7202745998845989,
      0.7202745998845989,
      0.7202745998845989,
      0.7202745998845989
    ]
  },
  "My_Painted_Plasterboard": {
    "bands_hz": [
      63,
      125,
      250,
      500,
      1000,
      2000,
      4000,
      8000
    ],
    "alpha": [
      0.07375451937633425,
      0.07375451937633425,
      0.07375451937633425,
      0.07375451937633425,
      0.07375451937633425,
      0.1338316099207678,
      0.1338316099207678,
      0.14666902792362443
    ]
  },
  "My_Glass_10mm": {
    "bands_hz": [
      63,
      125,
      250,
      500,
      1000,
      2000,
      4000,
      8000
    ],
    "alpha": [
      0.2182510288682335,
      0.2182510288682335,
      0.2182510288682335,
      0.2182510288682335,
      0.2182510288682335,
      0.2798090762037358,
      0.2798090762037358,
      0.2798090762037358
    ]
  },
  "My_Timber_Platform_Dense": {
    "bands_hz": [
      63,
      125,
      250,
      500,
      1000,
      2000,
      4000,
      8000
    ],
    "alpha": [
      0.01,
      0.01,
      0.01,
      0.08653685393726791,
      0.08653685393726791,
      0.08653685393726791,
      0.13526999145226673,
      0.13526999145226673
    ]
  },
  "My_Solid_Core_Door": {
    "bands_hz": [
      63,
      125,
      250,
      500,
      1000,
      2000,
      4000,
      8000
    ],
    "alpha": [
      0.06281738106348962,
      0.06281738106348962,
      0.21392027663390906,
      0.21392027663390906,
      0.21392027663390906,
      0.21392027663390906,
      0.32844547962481413,
      0.32844547962481413
    ]
  },
  "My_Whiteboard_Gloss": {
    "bands_hz": [
      63,
      125,
      250,
      500,
      1000,
      2000,
      4000,
      8000
    ],
    "alpha": [
      0.0006140253733576649,
      0.0006140253733576649,
      0.03856268829020755,
      0.03856268829020755,
      0.22472782906367544,
      0.22472782906367544,
      0.5430211347249158,
      0.5430211347249158
    ]
  },
  "My_Linoleum_on_Slab": {
    "bands_hz": [
      63,
      125,
      250,
      500,
      1000,
      2000,
      4000,
      8000
    ],
    "alpha": [
      0.007168211701342302,
      0.01,
      0.018007570342857483,
      0.018007570342857483,
      0.18793849560973935,
      0.18793849560973935,
      0.18793849560973935,
      0.18793849560973935
    ]
  }
}