{
  "alpha": {
    "My_Glass_10mm": {
      "bands_hz": [
        63,
        125,
        250,
        500,
        1000,
        2000,
        4000,
        8000
      ],
      "alpha": [
        0.0,
        0.013433345562511564,
        0.0011839713435537122,
        0.06014581101133877,
        0.01585408624222214,
        0.01845706364072468,
        0.02574525635604062,
        0.005523903762213452
      ]
    },
    "My_Linoleum_on_Slab": {
      "bands_hz": [
        63,
        125,
        250,
        500,
        1000,
        2000,
        4000,
        8000
      ],
      "alpha": [
        0.0944284160113598,
        0.060700670434343046,
        0.04729159472321031,
        0.0011655330748486167,
        0.03876139927074869,
        0.023301176388812322,
        0.057904272366881934,
        0.03582724611517555
      ]
    },
    "My_Painted_Plasterboard": {
      "bands_hz": [
        63,
        125,
        250,
        500,
        1000,
        2000,
        4000,
        8000
      ],
      "alpha": [
        0.03859560294977185,
        0.0,
        0.0005716858019256497,
        0.07092398017540141,
        0.04441891913320846,
        0.006177747106485828,
        0.023070599368025937,
        0.015365133303197541
      ]
    },
    "My_Plasterboard_Ceiling": {
      "bands_hz": [
        63,
        125,
        250,
        500,
        1000,
        2000,
        4000,
        8000
      ],
      "alpha": [
        0.011269877211073167,
        0.03411201718621876,
        0.0,
        0.009821057002373294,
        0.0,
        0.07357597058161847,
        0.0,
        0.0
      ]
    },
    "My_Solid_Core_Door": {
      "bands_hz": [
        63,
        125,
        250,
        500,
        1000,
        2000,
        4000,
        8000
      ],
      "alpha": [
        0.0426895600223183,
        0.04513100652266841,
        0.08300438028553854,
        0.015174040466757079,
        0.030816113349918118,
        0.005238180432097287,
        0.0009520048616347698,
        0.027006193361167607
      ]
    },
    "My_Timber_Platform_Dense": {
      "bands_hz": [
        63,
        125,
        250,
        500,
        1000,
        2000,
        4000,
        8000
      ],
      "alpha": [
        0.0011807343461836435,
        0.030942577107408963,
        0.024290617740287672,
        0.04770443934692526,
        0.017992194155337593,
        0.03326344573951303,
        0.02246072541232351,
        0.0016682740042480264
      ]
    },
    "My_Whiteboard_Gloss": {
      "bands_hz": [
        63,
        125,
        250,
        500,
        1000,
        2000,
        4000,
        8000
      ],
      "alpha": [
        0.06630441717177754,
        0.030427857260189716,
        0.04526284622487265,
        0.046463912716880995,
        0.041877935688561393,
        0.04348711520585111,
        0.032757449517975185,
        0.02887107420856662
      ]
    }
  },
  "scatter": {}
}