{
  "alpha": {
    "My_Glass_10mm": {
      "bands_hz": [
        63,
        125,
        250,
        500,
        1000,
        2000,
        4000,
        8000
      ],
      "alpha": [
        0.15079187222687188,
        0.17547688164992487,
        0.15983714950737987,
        0.05115015467525608,
        0.004995738559452269,
        0.0,
        0.0,
        0.0
      ]
    },
    "My_Linoleum_on_Slab": {
      "bands_hz": [
        63,
        125,
        250,
        500,
        1000,
        2000,
        4000,
        8000
      ],
      "alpha": [
        0.0,
        0.0,
        0.08171421620791819,
        0.0,
        0.0,
        0.08451800905068813,
        0.20247215743695113,
        0.09235635622261767
      ]
    },
    "My_Painted_Plasterboard": {
      "bands_hz": [
        63,
        125,
        250,
        500,
        1000,
        2000,
        4000,
        8000
      ],
      "alpha": [
        0.0,
        0.09325824386992643,
        0.0,
        0.1463260530872807,
        0.10147524108829002,
        0.009035275580157376,
        0.0,
        0.0
      ]
    },
    "My_Plasterboard_Ceiling": {
      "bands_hz": [
        63,
        125,
        250,
        500,
        1000,
        2000,
        4000,
        8000
      ],
      "alpha": [
        0.06465538787511746,
        0.1251233305587815,
        0.1025991324698866,
        0.18222176291883657,
        0.0,
        0.10759410132654937,
        0.18255785235377056,
        0.015388847166691332
      ]
    },
    "My_Solid_Core_Door": {
      "bands_hz": [
        63,
        125,
        250,
        500,
        1000,
        2000,
        4000,
        8000
      ],
      "alpha": [
        0.22766174271007486,
        0.0343207665908363,
        0.0,
        0.2264675645838385,
        0.02633845219248657,
        0.08729303411447464,
        0.0,
        0.0
      ]
    },
    "My_Timber_Platform_Dense": {
      "bands_hz": [
        63,
        125,
        250,
        500,
        1000,
        2000,
        4000,
        8000
      ],
      "alpha": [
        0.0,
        0.09336660022159338,
        0.05291027574710626,
        0.0,
        0.0,
        0.04884826559309692,
        0.1554476157919874,
        0.10057286219937217
      ]
    },
    "My_Whiteboard_Gloss": {
      "bands_hz": [
        63,
        125,
        250,
        500,
        1000,
        2000,
        4000,
        8000
      ],
      "alpha": [
        0.00659722182585297,
        0.0,
        0.06419071397641966,
        0.0,
        0.11583992184228689,
        0.0,
        0.0,
        0.0
      ]
    }
  },
  "scatter": {}
}