{
  "My_Plasterboard_Ceiling": {
    "bands_hz": [
      63,
      125,
      250,
      500,
      1000,
      2000,
      4000,
      8000
    ],
    "alpha": [
      0.01,
      0.01,
      0.010000000000000002,
      0.04482878476340202,
      0.04482878476340202,
      0.17681996096806074,
      0.17681996096806074,
      0.17681996096806074
    ]
  },
  "My_Painted_Plasterboard": {
    "bands_hz": [
      63,
      125,
      250,
      500,
      1000,
      2000,
      4000,
      8000
    ],
    "alpha": [
      0.04373707551848177,
      0.13934753246184392,
      0.1653092536465176,
      0.1653092536465176,
      0.1653092536465176,
      0.1653092536465176,
      0.1653092536465176,
      0.1653092536465176
    ]
  },
  "My_Glass_10mm": {
    "bands_hz": [
      63,
      125,
      250,
      500,
      1000,
      2000,
      4000,
      8000
    ],
    "alpha": [
      0.15232050747002615,
      0.15232050747002615,
      0.15232050747002615,
      0.15232050747002615,
      0.15232050747002615,
      0.15232050747002615,
      0.15232050747002615,
      0.15232050747002615
    ]
  },
  "My_Timber_Platform_Dense": {
    "bands_hz": [
      63,
      125,
      250,
      500,
      1000,
      2000,
      4000,
      8000
    ],
    "alpha": [
      0.08674851392151034,
      0.17307318115236497,
      0.17307318115236497,
      0.17307318115236497,
      0.17307318115236497,
      0.17307318115236497,
      0.17307318115236497,
      0.17307318115236497
    ]
  },
  "My_Solid_Core_Door": {
    "bands_hz": [
      63,
      125,
      250,
      500,
      1000,
      2000,
      4000,
      8000
    ],
    "alpha": [
      0.01,
      0.052175544296834415,
      0.052175544296834415,
      0.052175544296834415,
      0.052175544296834415,
      0.08253081390029875,
      0.08253081390029875,
      0.08253081390029875
    ]
  },
  "My_Whiteboard_Gloss": {
    "bands_hz": [
      63,
      125,
      250,
      500,
      1000,
      2000,
      4000,
      8000
    ],
    "alpha": [
      0.07473695877686395,
      0.07473695877686395,
      0.07473695877686395,
      0.07473695877686395,
      0.07473695877686395,
      0.07473695877686395,
      0.07473695877686395,
      0.07473695877686395
    ]
  },
  "My_Linoleum_on_Slab": {
    "bands_hz": [
      63,
      125,
      250,
      500,
      1000,
      2000,
      4000,
      8000
    ],
    "alpha": [
      0.1637581970044234,
      0.1637581970044234,
      0.1637581970044234,
      0.1637581970044234,
      0.1637581970044234,
      0.1637581970044234,
      0.18281037291506766,
      0.18281037291506766
    ]
  }
}