{
  "alpha": {
    "My_Glass_10mm": {
      "bands_hz": [
        63,
        125,
        250,
        500,
        1000,
        2000,
        4000,
        8000
      ],
      "alpha": [
        0.0,
        0.0804872019613741,
        0.024103911447877567,
        0.0,
        0.04078105020494457,
        0.0,
        0.0,
        0.07332371599640759
      ]
    },
    "My_Linoleum_on_Slab": {
      "bands_hz": [
        63,
        125,
        250,
        500,
        1000,
        2000,
        4000,
        8000
      ],
      "alpha": [
        0.028741258081891093,
        0.010487677712017744,
        0.0,
        0.04532451775440631,
        0.0,
        0.03548866338654077,
        0.015723955671174183,
        0.02877687535881864
      ]
    },
    "My_Painted_Plasterboard": {
      "bands_hz": [
        63,
        125,
        250,
        500,
        1000,
        2000,
        4000,
        8000
      ],
      "alpha": [
        0.0,
        0.010737679000361482,
        0.028925917683474085,
        0.0,
        0.026153160358096846,
        0.03321523012893171,
        0.0,
        0.01898044642578553
      ]
    },
    "My_Plasterboard_Ceiling": {
      "bands_hz": [
        63,
        125,
        250,
        500,
        1000,
        2000,
        4000,
        8000
      ],
      "alpha": [
        0.05242354430529171,
        0.005687852985851279,
        0.0,
        0.014690693565310324,
        0.0203342512346693,
        0.05164264653142081,
        0.0,
        0.029935744990750593
      ]
    },
    "My_Solid_Core_Door": {
      "bands_hz": [
        63,
        125,
        250,
        500,
        1000,
        2000,
        4000,
        8000
      ],
      "alpha": [
        0.05363728487852544,
        0.033186867085394985,
        0.0,
        0.017116630779547018,
        0.02623330798572024,
        0.06608834753639684,
        0.0,
        0.00855642552204023
      ]
    },
    "My_Timber_Platform_Dense": {
      "bands_hz": [
        63,
        125,
        250,
        500,
        1000,
        2000,
        4000,
        8000
      ],
      "alpha": [
        0.06166977588388754,
        0.0,
        0.06043595430703154,
        0.0688185757510304,
        0.08573520371687149,
        0.0,
        0.011096352065165346,
        0.057169224641704985
      ]
    },
    "My_Whiteboard_Gloss": {
      "bands_hz": [
        63,
        125,
        250,
        500,
        1000,
        2000,
        4000,
        8000
      ],
      "alpha": [
        0.0272444516328349,
        0.025954206333511757,
        0.0032565151079566312,
        0.014336676076653444,
        0.0019284531884087956,
        0.009649936300585586,
        0.004600913964932243,
        0.04719355626291173
      ]
    }
  },
  "scatter": {}
}