{
  "alpha": {
    "My_Glass_10mm": {
      "bands_hz": [
        63,
        125,
        250,
        500,
        1000,
        2000,
        4000,
        8000
      ],
      "alpha": [
        0.03125742543046961,
        0.09111938390052238,
        0.047471817924566805,
        0.0,
        0.0,
        0.05607295880251957,
        0.0,
        0.03159036670307284
      ]
    },
    "My_Linoleum_on_Slab": {
      "bands_hz": [
        63,
        125,
        250,
        500,
        1000,
        2000,
        4000,
        8000
      ],
      "alpha": [
        0.026088453395976645,
        0.030960463093957107,
        0.0,
        0.0,
        0.024014386362538193,
        0.03981199068471804,
        0.0,
        0.02801177191784591
      ]
    },
    "My_Painted_Plasterboard": {
      "bands_hz": [
        63,
        125,
        250,
        500,
        1000,
        2000,
        4000,
        8000
      ],
      "alpha": [
        0.052152085763180145,
        0.021348516690339582,
        0.0,
        0.01491115265906343,
        0.024822447459151766,
        0.114632258566792,
        0.01794994416107206,
        0.07821330004165186
      ]
    },
    "My_Plasterboard_Ceiling": {
      "bands_hz": [
        63,
        125,
        250,
        500,
        1000,
        2000,
        4000,
        8000
      ],
      "alpha": [
        0.004672981232640306,
        0.05697201474548771,
        0.020563787472558256,
        0.0,
        0.009630506884216794,
        0.030830360861441374,
        0.045759182036834274,
        0.018543031362482778
      ]
    },
    "My_Solid_Core_Door": {
      "bands_hz": [
        63,
        125,
        250,
        500,
        1000,
        2000,
        4000,
        8000
      ],
      "alpha": [
        0.0,
        0.0006921134493824664,
        0.014764973649683717,
        0.007020801755603004,
        0.042796759017277315,
        0.05796554390487969,
        0.03480642470467537,
        0.07997973563650193
      ]
    },
    "My_Timber_Platform_Dense": {
      "bands_hz": [
        63,
        125,
        250,
        500,
        1000,
        2000,
        4000,
        8000
      ],
      "alpha": [
        0.0,
        0.0,
        0.05188096362898803,
        0.014710100379960876,
        0.016094099697450348,
        0.00203435318448595,
        0.052800772509328346,
        0.020981533741075184
      ]
    },
    "My_Whiteboard_Gloss": {
      "bands_hz": [
        63,
        125,
        250,
        500,
        1000,
        2000,
        4000,
        8000
      ],
      "alpha": [
        0.049101563356381314,
        0.0,
        0.04069832345628399,
        0.05204315617055186,
        0.03435372762833377,
        0.04465302265452726,
        0.0077180084699233105,
        0.022344995882528966
      ]
    }
  },
  "scatter": {}
}