{
  "My_Glass_10mm": {
    "bands_hz": [
      63,
      125,
      250,
      500,
      1000,
      2000,
      4000,
      8000
    ],
    "alpha": [
      0.09618546277332572,
      0.327026293641291,
      0.01,
      0.13396831407277784,
      0.01,
      0.33278337389716295,
      0.01,
      0.13081769321824882
    ]
  },
  "My_Linoleum_on_Slab": {
    "bands_hz": [
      63,
      125,
      250,
      500,
      1000,
      2000,
      4000,
      8000
    ],
    "alpha": [
      0.01,
      0.08810332973807808,
      0.19971471903607757,
      0.23261854943388913,
      0.01,
      0.01,
      0.3290305224257204,
      0.29030409852267436
    ]
  },
  "My_Painted_Plasterboard": {
    "bands_hz": [
      63,
      125,
      250,
      500,
      1000,
      2000,
      4000,
      8000
    ],
    "alpha": [
      0.3755082462170968,
      0.09979033963515456,
      0.06705046784711156,
      0.13272565766468508,
      0.02461743958246279,
      0.19249098567545683,
      0.015168838004359768,
      0.01
    ]
  },
  "My_Plasterboard_Ceiling": {
    "bands_hz": [
      63,
      125,
      250,
      500,
      1000,
      2000,
      4000,
      8000
    ],
    "alpha": [
      0.030821484278563075,
      0.01,
      0.01,
      0.01,
      0.01,
      0.01,
      0.01,
      0.30307272900659965
    ]
  },
  "My_Solid_Core_Door": {
    "bands_hz": [
      63,
      125,
      250,
      500,
      1000,
      2000,
      4000,
      8000
    ],
    "alpha": [
      0.01,
      0.12178671361615044,
      0.01,
      0.01,
      0.01,
      0.01,
      0.01,
      0.41467087428718274
    ]
  },
  "My_Timber_Platform_Dense": {
    "bands_hz": [
      63,
      125,
      250,
      500,
      1000,
      2000,
      4000,
      8000
    ],
    "alpha": [
      0.11094356412110355,
      0.0583299169771218,
      0.01,
      0.15812831697978533,
      0.6508398354959906,
      0.19301502582456861,
      0.11994460443211921,
      0.2784431943405675
    ]
  },
  "My_Whiteboard_Gloss": {
    "bands_hz": [
      63,
      125,
      250,
      500,
      1000,
      2000,
      4000,
      8000
    ],
    "alpha": [
      0.11432850034693387,
      0.04823295128177921,
      0.05083384727219707,
      0.02143270820989416,
      0.01,
      0.20029509925257882,
      0.01,
      0.01
    ]
  }
}