{
  "alpha": {
    "My_Glass_10mm": {
      "bands_hz": [
        63,
        125,
        250,
        500,
        1000,
        2000,
        4000,
        8000
      ],
      "alpha": [
        0.01,
        0.01,
        0.01,
        0.05696689554375328,
        0.04726415309663286,
        0.07887031723081003,
        0.01,
        0.08472710637824474
      ]
    },
    "My_Linoleum_on_Slab": {
      "bands_hz": [
        63,
        125,
        250,
        500,
        1000,
        2000,
        4000,
        8000
      ],
      "alpha": [
        0.01,
        0.01,
        0.011412714656926302,
        0.14281364817831138,
        0.06699003829060499,
        0.01,
        0.017500477880592516,
        0.15824559113538875
      ]
    },
    "My_Painted_Plasterboard": {
      "bands_hz": [
        63,
        125,
        250,
        500,
        1000,
        2000,
        4000,
        8000
      ],
      "alpha": [
        0.01,
        0.01,
        0.14720923986025286,
        0.19158787367007007,
        0.1065145242676046,
        0.01,
        0.01,
        0.01
      ]
    },
    "My_Plasterboard_Ceiling": {
      "bands_hz": [
        63,
        125,
        250,
        500,
        1000,
        2000,
        4000,
        8000
      ],
      "alpha": [
        0.07733351797880289,
        0.012337795776199922,
        0.01,
        0.11276762151142532,
        0.01,
        0.13945894198173298,
        0.021880069537533894,
        0.04098537465341069
      ]
    },
    "My_Solid_Core_Door": {
      "bands_hz": [
        63,
        125,
        250,
        500,
        1000,
        2000,
        4000,
        8000
      ],
      "alpha": [
        0.12413321169435038,
        0.05613051878484489,
        0.07152958037206583,
        0.01,
        0.01,
        0.041621310714117156,
        0.016265021367548083,
        0.14990001356936455
      ]
    },
    "My_Timber_Platform_Dense": {
      "bands_hz": [
        63,
        125,
        250,
        500,
        1000,
        2000,
        4000,
        8000
      ],
      "alpha": [
        0.0876384107403469,
        0.03522277483010568,
        0.01213803269996298,
        0.01,
        0.12506588581856554,
        0.21040387415080683,
        0.19808496492031918,
        0.01
      ]
    },
    "My_Whiteboard_Gloss": {
      "bands_hz": [
        63,
        125,
        250,
        500,
        1000,
        2000,
        4000,
        8000
      ],
      "alpha": [
        0.04238404145933557,
        0.06884599404254838,
        0.111030288716687,
        0.13016378953002095,
        0.01,
        0.07930912136398743,
        0.10387878679673462,
        0.09991935173301462
      ]
    }
  },
  "scatter": {}
}