{
  "alpha": {
    "My_Glass_10mm": {
      "bands_hz": [
        63,
        125,
        250,
        500,
        1000,
        2000,
        4000,
        8000
      ],
      "alpha": [
        0.13982469228460423,
        0.012060391839988666,
        0.010000000000000002,
        0.11917841151795826,
        0.044460124542648014,
        0.06890228606341567,
        0.03593960310424603,
        0.023112232870261793
      ]
    },
    "My_Linoleum_on_Slab": {
      "bands_hz": [
        63,
        125,
        250,
        500,
        1000,
        2000,
        4000,
        8000
      ],
      "alpha": [
        0.09626647696336864,
        0.010000000000000002,
        0.05715508214671689,
        0.03958897521244702,
        0.08143387218673027,
        0.024042651169440404,
        0.17051669645043854,
        0.047909853153156816
      ]
    },
    "My_Painted_Plasterboard": {
      "bands_hz": [
        63,
        125,
        250,
        500,
        1000,
        2000,
        4000,
        8000
      ],
      "alpha": [
        0.04091450634209954,
        0.01,
        0.1642859391586477,
        0.10063417522939525,
        0.062147970454354245,
        0.01,
        0.034107320001366265,
        0.017626953262656432
      ]
    },
    "My_Plasterboard_Ceiling": {
      "bands_hz": [
        63,
        125,
        250,
        500,
        1000,
        2000,
        4000,
        8000
      ],
      "alpha": [
        0.08556879610789071,
        0.02003517350107305,
        0.010000000000000004,
        0.09302352723049488,
        0.01,
        0.1377094961821248,
        0.06911771542747075,
        0.01
      ]
    },
    "My_Solid_Core_Door": {
      "bands_hz": [
        63,
        125,
        250,
        500,
        1000,
        2000,
        4000,
        8000
      ],
      "alpha": [
        0.10134086165986367,
        0.05175256697093393,
        0.07021897116725831,
        0.02565297413193615,
        0.01,
        0.08119192857595646,
        0.058045741277742244,
        0.11505670632514622
      ]
    },
    "My_Timber_Platform_Dense": {
      "bands_hz": [
        63,
        125,
        250,
        500,
        1000,
        2000,
        4000,
        8000
      ],
      "alpha": [
        0.08527091832969233,
        0.03686524122857286,
        0.0845436334150997,
        0.010000000000000002,
        0.039937411977669965,
        0.01827450389206603,
        0.14687220505418752,
        0.010000000000000002
      ]
    },
    "My_Whiteboard_Gloss": {
      "bands_hz": [
        63,
        125,
        250,
        500,
        1000,
        2000,
        4000,
        8000
      ],
      "alpha": [
        0.08287147171473631,
        0.06449139582172375,
        0.1624512455899901,
        0.04600409341666009,
        0.026906473825758954,
        0.06229200310319602,
        0.01759990702159378,
        0.025271030113004127
      ]
    }
  },
  "scatter": {}
}