{
  "alpha": {
    "My_Glass_10mm": {
      "bands_hz": [
        63,
        125,
        250,
        500,
        1000,
        2000,
        4000,
        8000
      ],
      "alpha": [
        0.2600644696182651,
        0.01854962402165137,
        0.010000000000000002,
        0.1964524892722427,
        0.04097130277362224,
        0.01,
        0.040270664257842356,
        0.01
      ]
    },
    "My_Linoleum_on_Slab": {
      "bands_hz": [
        63,
        125,
        250,
        500,
        1000,
        2000,
        4000,
        8000
      ],
      "alpha": [
        0.09232867755500913,
        0.010000000000000002,
        0.15883832967486364,
        0.029177265443076732,
        0.045847909735566614,
        0.01,
        0.1357187902423868,
        0.06120211359522359
      ]
    },
    "My_Painted_Plasterboard": {
      "bands_hz": [
        63,
        125,
        250,
        500,
        1000,
        2000,
        4000,
        8000
      ],
      "alpha": [
        0.016756606415569766,
        0.15978137532249043,
        0.16537597167735327,
        0.06787036373204487,
        0.07187577979354524,
        0.01,
        0.02984053162237627,
        0.01
      ]
    },
    "My_Plasterboard_Ceiling": {
      "bands_hz": [
        63,
        125,
        250,
        500,
        1000,
        2000,
        4000,
        8000
      ],
      "alpha": [
        0.011004858481480822,
        0.02314511787013228,
        0.01,
        0.09922412023685062,
        0.01,
        0.18039089669629416,
        0.07136308103836271,
        0.01
      ]
    },
    "My_Solid_Core_Door": {
      "bands_hz": [
        63,
        125,
        250,
        500,
        1000,
        2000,
        4000,
        8000
      ],
      "alpha": [
        0.01,
        0.05543497429346043,
        0.01,
        0.02095451949429459,
        0.01,
        0.1203902551772448,
        0.09454334881134825,
        0.011373083971463707
      ]
    },
    "My_Timber_Platform_Dense": {
      "bands_hz": [
        63,
        125,
        250,
        500,
        1000,
        2000,
        4000,
        8000
      ],
      "alpha": [
        0.08572566528829809,
        0.03994893756595492,
        0.02699928549612675,
        0.010000000000000002,
        0.0471854303433939,
        0.01,
        0.11100990617532495,
        0.01
      ]
    },
    "My_Whiteboard_Gloss": {
      "bands_hz": [
        63,
        125,
        250,
        500,
        1000,
        2000,
        4000,
        8000
      ],
      "alpha": [
        0.08717957317513607,
        0.10892113233568687,
        0.06091452354550096,
        0.046379615467328855,
        0.027675772619682418,
        0.05917158630533081,
        0.04196452514159342,
        0.038362705683952246
      ]
    }
  },
  "scatter": {}
}