{
  "My_Glass_10mm": {
    "bands_hz": [
      63,
      125,
      250,
      500,
      1000,
      2000,
      4000,
      8000
    ],
    "alpha": [
      0.01,
      0.01,
      0.01,
      0.01,
      0.16594442264374487,
      0.01686208808794903,
      0.01,
      0.01
    ]
  },
  "My_Linoleum_on_Slab": {
    "bands_hz": [
      63,
      125,
      250,
      500,
      1000,
      2000,
      4000,
      8000
    ],
    "alpha": [
      0.018424084591565776,
      0.01,
      0.08419826717828305,
      0.04534786945447572,
      0.059067829960242846,
      0.10698685895053647,
      0.01,
      0.04016487708562326
    ]
  },
  "My_Painted_Plasterboard": {
    "bands_hz": [
      63,
      125,
      250,
      500,
      1000,
      2000,
      4000,
      8000
    ],
    "alpha": [
      0.020476205598384166,
      0.2432644793277966,
      0.18048834264151226,
      0.03400242714198432,
      0.10491624902957236,
      0.01,
      0.10870817344864442,
      0.01
    ]
  },
  "My_Plasterboard_Ceiling": {
    "bands_hz": [
      63,
      125,
      250,
      500,
      1000,
      2000,
      4000,
      8000
    ],
    "alpha": [
      0.01,
      0.010504546300172633,
      0.019495893976137005,
      0.01,
      0.017127931466769032,
      0.2322969681972235,
      0.01,
      0.01
    ]
  },
  "My_Solid_Core_Door": {
    "bands_hz": [
      63,
      125,
      250,
      500,
      1000,
      2000,
      4000,
      8000
    ],
    "alpha": [
      0.01,
      0.04081995642912545,
      0.01,
      0.12580489561589359,
      0.13020703577929224,
      0.01,
      0.01,
      0.1339198861630433
    ]
  },
  "My_Timber_Platform_Dense": {
    "bands_hz": [
      63,
      125,
      250,
      500,
      1000,
      2000,
      4000,
      8000
    ],
    "alpha": [
      0.1216988769756844,
      0.09575195766173772,
      0.07084725971266806,
      0.058027289632157586,
      0.03466296183218602,
      0.13699112163047203,
      0.14951536900591594,
      0.01
    ]
  },
  "My_Whiteboard_Gloss": {
    "bands_hz": [
      63,
      125,
      250,
      500,
      1000,
      2000,
      4000,
      8000
    ],
    "alpha": [
      0.16864387011389684,
      0.08374288978439848,
      0.01,
      0.09153002681615827,
      0.01,
      0.01,
      0.08722101788737582,
      0.017491372960203998
    ]
  }
}