{
  "alpha": {
    "My_Glass_10mm": {
      "bands_hz": [
        63,
        125,
        250,
        500,
        1000,
        2000,
        4000,
        8000
      ],
      "alpha": [
        0.01,
        0.13883439759238714,
        0.01,
        0.2745996455579207,
        0.01,
        0.01,
        0.01,
        0.01
      ]
    },
    "My_Linoleum_on_Slab": {
      "bands_hz": [
        63,
        125,
        250,
        500,
        1000,
        2000,
        4000,
        8000
      ],
      "alpha": [
        0.2794342378092575,
        0.26998303348977704,
        0.01,
        0.3261817294660809,
        0.01,
        0.01,
        0.03202151284853506,
        0.08230020714642225
      ]
    },
    "My_Painted_Plasterboard": {
      "bands_hz": [
        63,
        125,
        250,
        500,
        1000,
        2000,
        4000,
        8000
      ],
      "alpha": [
        0.0419612469384699,
        0.1639815228580991,
        0.01,
        0.01,
        0.01,
        0.01,
        0.01,
        0.01
      ]
    },
    "My_Plasterboard_Ceiling": {
      "bands_hz": [
        63,
        125,
        250,
        500,
        1000,
        2000,
        4000,
        8000
      ],
      "alpha": [
        0.01,
        0.01,
        0.01,
        0.18649630377130322,
        0.01,
        0.01,
        0.35086455230254443,
        0.01
      ]
    },
    "My_Solid_Core_Door": {
      "bands_hz": [
        63,
        125,
        250,
        500,
        1000,
        2000,
        4000,
        8000
      ],
      "alpha": [
        0.01,
        0.2471943453162686,
        0.040683867398242826,
        0.020200841219859066,
        0.16799290392573402,
        0.2411010092892615,
        0.09165639220833988,
        0.04859599766826278
      ]
    },
    "My_Timber_Platform_Dense": {
      "bands_hz": [
        63,
        125,
        250,
        500,
        1000,
        2000,
        4000,
        8000
      ],
      "alpha": [
        0.062337827363672195,
        0.10318011003421497,
        0.01,
        0.01,
        0.01,
        0.01,
        0.155113301168133,
        0.01
      ]
    },
    "My_Whiteboard_Gloss": {
      "bands_hz": [
        63,
        125,
        250,
        500,
        1000,
        2000,
        4000,
        8000
      ],
      "alpha": [
        0.4012483134864172,
        0.01,
        0.04307898469419572,
        0.13480175931913546,
        0.08795465642090006,
        0.01,
        0.034917549366726926,
        0.2777961012934377
      ]
    }
  },
  "scatter": {}
}