Generation,Best_Loss_H,Mean_Loss_H
0,0.33686608191234063,0.33686608191234063
