{
  "alpha": {
    "My_Glass_10mm": {
      "bands_hz": [
        63,
        125,
        250,
        500,
        1000,
        2000,
        4000,
        8000
      ],
      "alpha": [
        0.019667318375771185,
        0.05588857551469645,
        0.03094858618521359,
        0.03202451915990331,
        0.002013716924298241,
        0.01243153374633291,
        0.08383438353529538,
        0.036499591000024575
      ]
    },
    "My_Linoleum_on_Slab": {
      "bands_hz": [
        63,
        125,
        250,
        500,
        1000,
        2000,
        4000,
        8000
      ],
      "alpha": [
        0.014316200645102889,
        0.007170996062586088,
        0.051051644227331314,
        0.009593451017307107,
        0.0,
        0.0,
        0.013402976760509232,
        0.015125018088370384
      ]
    },
    "My_Painted_Plasterboard": {
      "bands_hz": [
        63,
        125,
        250,
        500,
        1000,
        2000,
        4000,
        8000
      ],
      "alpha": [
        0.0,
        0.03041744730772665,
        0.03712112202236494,
        0.06689153015130211,
        0.03798607139716139,
        0.04803119064660559,
        0.010258409275108824,
        0.09312137116286025
      ]
    },
    "My_Plasterboard_Ceiling": {
      "bands_hz": [
        63,
        125,
        250,
        500,
        1000,
        2000,
        4000,
        8000
      ],
      "alpha": [
        0.05063627764657041,
        0.029895406226257446,
        0.0444888651660811,
        0.0,
        0.07884706476828017,
        0.0,
        0.020972898181856638,
        0.04894094294123798
      ]
    },
    "My_Solid_Core_Door": {
      "bands_hz": [
        63,
        125,
        250,
        500,
        1000,
        2000,
        4000,
        8000
      ],
      "alpha": [
        0.04674730573590536,
        0.0,
        0.030560421834206125,
        0.03391578526601466,
        0.0324506827271127,
        0.011597703299209814,
        0.08462712120985724,
        0.04194175257945952
      ]
    },
    "My_Timber_Platform_Dense": {
      "bands_hz": [
        63,
        125,
        250,
        500,
        1000,
        2000,
        4000,
        8000
      ],
      "alpha": [
        0.08003185667242763,
        0.0,
        0.04559704245012477,
        0.035260601613500746,
        0.012884925962838512,
        0.04481874991500169,
        0.028464245088498954,
        0.03167775319577176
      ]
    },
    "My_Whiteboard_Gloss": {
      "bands_hz": [
        63,
        125,
        250,
        500,
        1000,
        2000,
        4000,
        8000
      ],
      "alpha": [
        0.05533245008051661,
        0.0005742623405426764,
        0.0666555228931969,
        0.04301927488205526,
        0.08246072650894391,
        0.0,
        0.02749558023697042,
        0.0
      ]
    }
  },
  "scatter": {}
}