{
  "My_Glass_10mm": {
    "bands_hz": [
      63,
      125,
      250,
      500,
      1000,
      2000,
      4000,
      8000
    ],
    "alpha": [
      0.01,
      0.07740264338026825,
      0.01,
      0.015538800997532506,
      0.08472874708683428,
      0.01,
      0.01,
      0.01
    ]
  },
  "My_Linoleum_on_Slab": {
    "bands_hz": [
      63,
      125,
      250,
      500,
      1000,
      2000,
      4000,
      8000
    ],
    "alpha": [
      0.01,
      0.27163995107603356,
      0.22002142741824288,
      0.2199416778749499,
      0.2420385877241549,
      0.01,
      0.13532057044513834,
      0.01
    ]
  },
  "My_Painted_Plasterboard": {
    "bands_hz": [
      63,
      125,
      250,
      500,
      1000,
      2000,
      4000,
      8000
    ],
    "alpha": [
      0.10824243751187884,
      0.01,
      0.01,
      0.01,
      0.045404518041612815,
      0.28803927732036594,
      0.01,
      0.06763551521602862
    ]
  },
  "My_Plasterboard_Ceiling": {
    "bands_hz": [
      63,
      125,
      250,
      500,
      1000,
      2000,
      4000,
      8000
    ],
    "alpha": [
      0.096713126577071,
      0.20212520688943522,
      0.015505029853408896,
      0.19021577736592535,
      0.22275859927921876,
      0.24664934711523911,
      0.01,
      0.01
    ]
  },
  "My_Solid_Core_Door": {
    "bands_hz": [
      63,
      125,
      250,
      500,
      1000,
      2000,
      4000,
      8000
    ],
    "alpha": [
      0.01,
      0.01,
      0.29699297145401893,
      0.12555005013031798,
      0.01,
      0.13830095561073016,
      0.01,
      0.1738663329600583
    ]
  },
  "My_Timber_Platform_Dense": {
    "bands_hz": [
      63,
      125,
      250,
      500,
      1000,
      2000,
      4000,
      8000
    ],
    "alpha": [
      0.01,
      0.25438330407363297,
      0.01,
      0.01,
      0.01,
      0.01,
      0.01,
      0.01
    ]
  },
  "My_Whiteboard_Gloss": {
    "bands_hz": [
      63,
      125,
      250,
      500,
      1000,
      2000,
      4000,
      8000
    ],
    "alpha": [
      0.05640134622376185,
      0.3422039013216166,
      0.20287768939619732,
      0.01,
      0.01,
      0.4501102340902221,
      0.31633140063638887,
      0.01
    ]
  }
}