{
  "alpha": {
    "My_Glass_10mm": {
      "bands_hz": [
        63,
        125,
        250,
        500,
        1000,
        2000,
        4000,
        8000
      ],
      "alpha": [
        0.0,
        0.04478903711442314,
        0.06433306134365434,
        0.0,
        0.0,
        0.0,
        0.09251325892064066,
        0.0
      ]
    },
    "My_Linoleum_on_Slab": {
      "bands_hz": [
        63,
        125,
        250,
        500,
        1000,
        2000,
        4000,
        8000
      ],
      "alpha": [
        0.14425840800194034,
        0.05153326527572054,
        0.0,
        0.1183535650074079,
        0.061714069168392297,
        0.0677553880063889,
        0.13057265054208403,
        0.0
      ]
    },
    "My_Painted_Plasterboard": {
      "bands_hz": [
        63,
        125,
        250,
        500,
        1000,
        2000,
        4000,
        8000
      ],
      "alpha": [
        0.0,
        0.05764911111402195,
        0.0,
        0.10850593232932546,
        0.021786780781393678,
        0.0,
        0.01818636274989585,
        0.0
      ]
    },
    "My_Plasterboard_Ceiling": {
      "bands_hz": [
        63,
        125,
        250,
        500,
        1000,
        2000,
        4000,
        8000
      ],
      "alpha": [
        0.4197583601326838,
        0.0,
        0.05676811676539521,
        0.1577879389241501,
        0.0,
        0.20469939038359694,
        0.038011845301963665,
        0.09733280179159234
      ]
    },
    "My_Solid_Core_Door": {
      "bands_hz": [
        63,
        125,
        250,
        500,
        1000,
        2000,
        4000,
        8000
      ],
      "alpha": [
        0.08949384691497525,
        0.09994450513121816,
        0.0,
        0.0,
        0.018398556088416364,
        0.013165269478600836,
        0.25025408632072293,
        0.0
      ]
    },
    "My_Timber_Platform_Dense": {
      "bands_hz": [
        63,
        125,
        250,
        500,
        1000,
        2000,
        4000,
        8000
      ],
      "alpha": [
        0.033006279240822056,
        0.03873338414215084,
        0.17986673141950105,
        0.09412777249735882,
        0.0,
        0.035418203441365634,
        0.003078966406074843,
        0.0
      ]
    },
    "My_Whiteboard_Gloss": {
      "bands_hz": [
        63,
        125,
        250,
        500,
        1000,
        2000,
        4000,
        8000
      ],
      "alpha": [
        0.0,
        0.0,
        0.08413612546269433,
        0.0,
        0.06541447285669177,
        0.04739092992475847,
        0.1688955389926815,
        0.10063981283348827
      ]
    }
  },
  "scatter": {}
}