{
  "alpha": {
    "My_Glass_10mm": {
      "bands_hz": [
        63,
        125,
        250,
        500,
        1000,
        2000,
        4000,
        8000
      ],
      "alpha": [
        0.021743493559332777,
        0.03720266597702011,
        0.00658027590088656,
        0.022199260290936062,
        0.04516388858013275,
        0.06137978797979133,
        0.0,
        0.02440457741331306
      ]
    },
    "My_Linoleum_on_Slab": {
      "bands_hz": [
        63,
        125,
        250,
        500,
        1000,
        2000,
        4000,
        8000
      ],
      "alpha": [
        0.03136683984115872,
        0.0,
        0.10668158786191269,
        0.0,
        0.025325734021055982,
        0.0,
        0.061274817413932904,
        0.035745097940125425
      ]
    },
    "My_Painted_Plasterboard": {
      "bands_hz": [
        63,
        125,
        250,
        500,
        1000,
        2000,
        4000,
        8000
      ],
      "alpha": [
        0.019832390276365637,
        0.08628520346452206,
        0.0,
        0.05721429387734989,
        0.05328874259504768,
        0.0,
        0.058563509909209194,
        0.08694294179345477
      ]
    },
    "My_Plasterboard_Ceiling": {
      "bands_hz": [
        63,
        125,
        250,
        500,
        1000,
        2000,
        4000,
        8000
      ],
      "alpha": [
        0.02268441975057866,
        0.08313108810577197,
        0.03667502479452588,
        0.013666224220024555,
        0.0,
        0.04352472120418702,
        0.08275954270752481,
        0.06351227296248363
      ]
    },
    "My_Solid_Core_Door": {
      "bands_hz": [
        63,
        125,
        250,
        500,
        1000,
        2000,
        4000,
        8000
      ],
      "alpha": [
        0.04315100532171042,
        0.03631805370892817,
        0.06500663385220942,
        0.07953112181773747,
        0.02510625545477383,
        0.013851392604121902,
        0.020106816462646924,
        0.04155340468120419
      ]
    },
    "My_Timber_Platform_Dense": {
      "bands_hz": [
        63,
        125,
        250,
        500,
        1000,
        2000,
        4000,
        8000
      ],
      "alpha": [
        0.0,
        0.05935356398097796,
        0.0,
        0.0,
        0.01999519197204988,
        0.03928129505263539,
        0.04586250004224347,
        0.0
      ]
    },
    "My_Whiteboard_Gloss": {
      "bands_hz": [
        63,
        125,
        250,
        500,
        1000,
        2000,
        4000,
        8000
      ],
      "alpha": [
        0.0,
        0.02758271551577522,
        0.024661135251508603,
        0.0,
        0.0,
        0.035095042341243714,
        0.01482393253149038,
        0.011785959833217851
      ]
    }
  },
  "scatter": {}
}